usuario,contrasena,name,correo,genero,totalCreditos
cwickerson0,xX2930@V_4v.,Chandler Wickerson,cwickerson0@edu.com,Femenino,90
ckupisz1,xO1872IUz%ow`Qa,Conney Kupisz,ckupisz1@edu.com,Femenino,100
ijiricka2,aO384G8?=,Ivie Jiricka,ijiricka2@edu.com,Femenino,55
lrepper3,dU952dtt,Lauralee Repper,lrepper3@edu.com,Femenino,84
kdingwall4,gY693(DwcVns,Kaile Dingwall,kdingwall4@edu.com,Masculino,65
awishkar5,yD451bIRif),Alysia Wishkar,awishkar5@edu.com,Masculino,11
ojerdein6,iV3180e/ey@,Oates Jerdein,ojerdein6@edu.com,Masculino,137
"vsevier7,""cF436ZL,"",Verile Sevier,vsevier7@edu.com,Masculino,102"
fmathonnet8,iX9023#$S1'/c<%,Fania Mathonnet,fmathonnet8@edu.com,Masculino,5
"mgrason9,""iP151#_D,RI).vR1"",Mattie Grason,mgrason9@edu.com,Femenino,74"
gwillbournea,aZ523Ju`9Cb<nz,Gualterio Willbourne,gwillbournea@edu.com,Femenino,139
rbiersb,sG969A_<>3#VcG,Raina Biers,rbiersb@edu.com,Masculino,104
tiveansc,xC491bDWC2Me0,Terrel Iveans,tiveansc@edu.com,Masculino,47
"gmogenotd,""yU0293<p,x""""\Rn"",Garrett Mogenot,gmogenotd@edu.com,Femenino,80"
"ajennionse,""oT045yuJ6%i""""~,"",Ansel Jennions,ajennionse@edu.com,Femenino,77"
hbernardellif,jU762sU7+b|`e,Hasheem Bernardelli,hbernardellif@edu.com,Femenino,78
"ssaffellg,""gK013""""DX"",Stacee Saffell,ssaffellg@edu.com,Masculino,85"
dsouthertonh,oU041C|Wvz,Dmitri Southerton,dsouthertonh@edu.com,Masculino,86
kthurborni,oS105n'`JbgTo,Kirstin Thurborn,kthurborni@edu.com,Femenino,82
lbabbagej,qZ362+!lRSyMjh,Laurella Babbage,lbabbagej@edu.com,Masculino,105
"dbramahk,""fO194m""""}u(x"",Delmer Bramah,dbramahk@edu.com,Femenino,141"
cpidgeonl,tS215*N(Y}a2JTB/,Christophe Pidgeon,cpidgeonl@edu.com,Femenino,109
"cgiovanninim,""rO479~Y""""AN`oaZ'7"",Cindie Giovannini,cgiovanninim@edu.com,Masculino,107"
eeillesn,pG884q>$nJK,Eirena Eilles,eeillesn@edu.com,Femenino,122
terretto,iC113z1'.sg7h!wa,Tallie Errett,terretto@edu.com,Femenino,27
gcastelluzzip,rW429V#|,Georgianne Castelluzzi,gcastelluzzip@edu.com,Femenino,130
zaberdalgyq,qE097D5Ji5XiQ83,Zacharias Aberdalgy,zaberdalgyq@edu.com,Femenino,131
cswiggsr,mY080~\AR<_d,Caddric Swiggs,cswiggsr@edu.com,Femenino,91
bcleaves,lJ793.BUyU~(g,Bibby Cleave,bcleaves@edu.com,Masculino,100
boffieldt,lQ939'rPh(N7,Blythe Offield,boffieldt@edu.com,Femenino,59
lcouchmanu,iS796v~kkO'i/V,Lucia Couchman,lcouchmanu@edu.com,Femenino,89
hemanuelovv,tC285n*.gB5RlWKJ,Heddie Emanuelov,hemanuelovv@edu.com,Masculino,46
sthorringtonw,iL425&xzgu}kuyqJ,Saunders Thorrington,sthorringtonw@edu.com,Masculino,41
skollaschekx,uS337H1)V_N(I,Salaidh Kollaschek,skollaschekx@edu.com,Femenino,126
mhardingey,wP041p$B@0Fc,Marcos Hardinge,mhardingey@edu.com,Femenino,135
mverbekez,fS082UMoWshY5J,Mickie Verbeke,mverbekez@edu.com,Masculino,16
"kmoffat10,""aJ677Wiip9N""""`d4"",Kaycee Moffat,kmoffat10@edu.com,Femenino,63"
abaptista11,uC075Cyh,Alvy Baptista,abaptista11@edu.com,Femenino,22
spetofi12,gO662A+f+m,Sally Petofi,spetofi12@edu.com,Masculino,92
ncornelisse13,pC706Bh2Kalj+,Nettle Cornelisse,ncornelisse13@edu.com,Masculino,112
dlewsam14,bE852vNVy<8c?LEw,Dru Lewsam,dlewsam14@edu.com,Masculino,121
csmallcomb15,aM329R|B9t7)I,Cal Smallcomb,csmallcomb15@edu.com,Masculino,97
mcucinotta16,gW152DrE~Q},Madison Cucinotta,mcucinotta16@edu.com,Femenino,23
kgrabham17,wN030%IJ8?,Kirsti Grabham,kgrabham17@edu.com,Masculino,95
arois18,dN091jvSx<,Arlina Rois,arois18@edu.com,Masculino,130
pgrovier19,hA727LQgDXVsn,Phebe Grovier,pgrovier19@edu.com,Femenino,103
emelby1a,nH136S'oB2v3rpk,Ephraim Melby,emelby1a@edu.com,Femenino,96
"ebanstead1b,""bU3116W8T0w|y,I"",Edna Banstead,ebanstead1b@edu.com,Femenino,32"
hsharrier1c,qO309Oqt&|,Horatius Sharrier,hsharrier1c@edu.com,Masculino,132
mgroucutt1d,gL954_U189I,Matilde Groucutt,mgroucutt1d@edu.com,Masculino,119
mdenson1e,oO736h+}m8I,Mimi Denson,mdenson1e@edu.com,Masculino,28
adyerson1f,bK234a9)2>wnQh,Alwin Dyerson,adyerson1f@edu.com,Femenino,126
wferrand1g,rM6022dqT,Welch Ferrand,wferrand1g@edu.com,Femenino,83
bguillon1h,gF670G<`n>,Berry Guillon,bguillon1h@edu.com,Femenino,17
"fwelling1i,""iV124(%|oD&'0""""F~"",Ferdy Welling,fwelling1i@edu.com,Femenino,125"
lwallege1j,hA637tk#S#,Llywellyn Wallege,lwallege1j@edu.com,Femenino,27
"ptams1k,""bD915v@},F(bS"",Pierre Tams,ptams1k@edu.com,Masculino,104"
djenken1l,oP402~|Htb',Devonne Jenken,djenken1l@edu.com,Masculino,105
kberthod1m,sS40918rHr,Kerstin Berthod,kberthod1m@edu.com,Masculino,42
"cpoundsford1n,""xS209{Y|,9"",Carie Poundsford,cpoundsford1n@edu.com,Masculino,95"
pgonthier1o,zH779eL5,Pooh Gonthier,pgonthier1o@edu.com,Femenino,13
ddrynan1p,nF826&z/j6,Doloritas Drynan,ddrynan1p@edu.com,Femenino,135
kjeckells1q,vD924td!m485r,Kirsteni Jeckells,kjeckells1q@edu.com,Masculino,130
fbreeder1r,yY158/m9T'&`}),Fifi Breeder,fbreeder1r@edu.com,Femenino,57
ekibbel1s,kX547\(%_ajMc,Eldredge Kibbel,ekibbel1s@edu.com,Femenino,121
"mcaustick1t,""zT178f1,i2iLt#"",Mycah Caustick,mcaustick1t@edu.com,Masculino,96"
"cvan1u,""rJ616lYD""""oj2TZf'"",Catherine Van der Baaren,cvan1u@edu.com,Femenino,54"
cboissier1v,zS780vkf}U$,Charin Boissier,cboissier1v@edu.com,Femenino,72
cnortham1w,tI947yuF,Coreen Northam,cnortham1w@edu.com,Masculino,65
dphillcock1x,wU261o+)XT,Delcina Phillcock,dphillcock1x@edu.com,Masculino,57
clinskey1y,kD433UIGKV}q!P,Clarita Linskey,clinskey1y@edu.com,Masculino,108
ffittis1z,rU371)x!t5HI,Franklin Fittis,ffittis1z@edu.com,Femenino,45
akleynermans20,yS2548PC1cJH.~,Allx Kleynermans,akleynermans20@edu.com,Femenino,65
lmenaul21,zY513t_c1r#f,Lalo Menaul,lmenaul21@edu.com,Femenino,117
ajiras22,yS417.O+/,Abbe Jiras,ajiras22@edu.com,Masculino,15
egulley23,cG4605QG~hi=Y$,Erinn Gulley,egulley23@edu.com,Masculino,12
"jbramwell24,""bK803,Tu}EvqoTd"",Jasun Bramwell,jbramwell24@edu.com,Masculino,92"
cgiorgioni25,vT943<tJ7$SAvBM,Cally Giorgioni,cgiorgioni25@edu.com,Femenino,127
knicklen26,dD863k1\gm3o0U,Kellen Nicklen,knicklen26@edu.com,Femenino,89
snormadell27,rL741xoLIJ2y,Sella Normadell,snormadell27@edu.com,Femenino,28
switham28,oC251(?K,Svend Witham,switham28@edu.com,Masculino,125
"ciglesiaz29,""kR131+q7$p,7urf"",Clementina Iglesiaz,ciglesiaz29@edu.com,Masculino,111"
lcopplestone2a,qF728ps)a,Lusa Copplestone,lcopplestone2a@edu.com,Masculino,85
rsickling2b,mC757ZAc'u,Ruth Sickling,rsickling2b@edu.com,Femenino,39
spiscotti2c,jV329HZsq5qH)K,Sacha Piscotti,spiscotti2c@edu.com,Masculino,84
fcrank2d,hN382`~8@9$Ny,Frans Crank,fcrank2d@edu.com,Femenino,9
tvice2e,oG759$d@,Tally Vice,tvice2e@edu.com,Femenino,79
"foldall2f,""tG271ApMb4&""""Qe"",Florentia Oldall,foldall2f@edu.com,Femenino,117"
ptroake2g,dO128XH>&{8&ZfF,Pierson Troake,ptroake2g@edu.com,Masculino,44
kperrott2h,wL849sre+r/md/,Kincaid Perrott,kperrott2h@edu.com,Femenino,54
dvidgeon2i,nZ987)ywN!mOvW?,Darya Vidgeon,dvidgeon2i@edu.com,Masculino,71
iwartnaby2j,mB265C`2wog6`?E,Ira Wartnaby,iwartnaby2j@edu.com,Masculino,128
mzecchetti2k,gU971o3QMK7J*z3q,Milt Zecchetti,mzecchetti2k@edu.com,Femenino,36
mgladwin2l,aU540%zo`&?kt{v,Mose Gladwin,mgladwin2l@edu.com,Femenino,43
lantognelli2m,hM367Y!dHi,Lydia Antognelli,lantognelli2m@edu.com,Masculino,38
gscarce2n,tJ975fvG@nw,Guenna Scarce,gscarce2n@edu.com,Masculino,138
mspaule2o,tN990F>47R~18qq,Mart Spaule,mspaule2o@edu.com,Masculino,122
bpowrie2p,zN486b5`\a,Brinna Powrie,bpowrie2p@edu.com,Femenino,36
bredon2q,bU430cP9`4xkP!.w,Barrie Redon,bredon2q@edu.com,Masculino,79
"kreiners2r,""xR124>iVvlbt""""e"",Kara-lynn Reiners,kreiners2r@edu.com,Masculino,141"
adumphry2s,mS290Z>M**@G,Aldis Dumphry,adumphry2s@edu.com,Femenino,85
pashwin2t,rM583siJYYsq~,Pierce Ashwin,pashwin2t@edu.com,Masculino,6
kswoffer2u,zY883P!'1U)rz,Kristina Swoffer,kswoffer2u@edu.com,Femenino,59
dsercombe2v,wA451KW{1,Darbee Sercombe,dsercombe2v@edu.com,Femenino,111
sbasek2w,aN1959%3#Mpx&\`,Stanleigh Basek,sbasek2w@edu.com,Masculino,75
gpedrielli2x,wW290D==Zd1**8Ru,Goddard Pedrielli,gpedrielli2x@edu.com,Femenino,77
jliggens2y,bK6650P?tqd,Jeff Liggens,jliggens2y@edu.com,Femenino,70
"vdyball2z,""aF177""""'B+WI$5"",Veda Dyball,vdyball2z@edu.com,Femenino,123"
fhaley30,cH168#$u,Fitz Haley,fhaley30@edu.com,Femenino,127
lgingell31,uF2146zBmpPR.8,Lenee Gingell,lgingell31@edu.com,Femenino,20
hchestnut32,rE057U|crS?xP,Hanson Chestnut,hchestnut32@edu.com,Masculino,4
olaxson33,sF151cD|O>kN,Osborn Laxson,olaxson33@edu.com,Femenino,48
vllewellyn34,yU8317eG1q24kG,Vivien Llewellyn,vllewellyn34@edu.com,Femenino,109
rparadise35,kQ4263dJ,Rodina Paradise,rparadise35@edu.com,Masculino,63
rfosken36,tM9554<$ImI0B,Reinaldos Fosken,rfosken36@edu.com,Masculino,32
"aarmsby37,""wG020,|F`MF|"",Adore Armsby,aarmsby37@edu.com,Masculino,100"
uschiementz38,yD696!Es(489,Uta Schiementz,uschiementz38@edu.com,Masculino,80
sroskelley39,gI865bIg}?dX~q{f,Selie Roskelley,sroskelley39@edu.com,Femenino,94
mhunnicot3a,bF055kT5,Meara Hunnicot,mhunnicot3a@edu.com,Masculino,71
hiacopini3b,lK127DeO,Holt Iacopini,hiacopini3b@edu.com,Masculino,132
"rheadey3c,""wA011jIZgC,dUrSH"",Rusty Headey,rheadey3c@edu.com,Masculino,63"
csorrell3d,xC421>jBK0vF~m,Cherlyn Sorrell,csorrell3d@edu.com,Femenino,130
dcoast3e,vY588>8`K1mFX,Denys Coast,dcoast3e@edu.com,Femenino,45
udisman3f,uR6610%l9,Ulrich Disman,udisman3f@edu.com,Masculino,20
sdupey3g,uH7235m3m$8VklZq,Shaylynn Dupey,sdupey3g@edu.com,Masculino,22
vblyde3h,qE134{FOk,Vlad Blyde,vblyde3h@edu.com,Femenino,24
"ahassey3i,""iA07416I<""""SfJ&"",Andros Hassey,ahassey3i@edu.com,Femenino,118"
aphipps3j,eS203_U2a/@~S>,Arlen Phipps,aphipps3j@edu.com,Femenino,16
"rwhyley3k,""hQ373meX=,O{P"",Rafaello Whyley,rwhyley3k@edu.com,Masculino,70"
mvalentim3l,zS896=cKK,Magdaia Valentim,mvalentim3l@edu.com,Masculino,103
mpaolucci3m,yY218e/fQ,Maxim Paolucci,mpaolucci3m@edu.com,Femenino,72
nroocroft3n,bK833gD*fvcP,Nessa Roocroft,nroocroft3n@edu.com,Femenino,64
ppudner3o,zW563OYScj8mG`!,Petey Pudner,ppudner3o@edu.com,Femenino,45
mscougall3p,vG068~4(pDlk#r,Mannie Scougall,mscougall3p@edu.com,Masculino,130
adanilchenko3q,nB757lD/5,Aubrie Danilchenko,adanilchenko3q@edu.com,Femenino,21
fcrate3r,tN162{eU*6CnN,Freddi Crate,fcrate3r@edu.com,Masculino,46
hle3s,zV571gaPSI&VQsg,Howey Le Blanc,hle3s@edu.com,Masculino,31
"hbragginton3t,""uT838""""0/DkUl$y"",Horton Bragginton,hbragginton3t@edu.com,Masculino,70"
rchallender3u,jS902FJxnO(St5hJ,Rodge Challender,rchallender3u@edu.com,Masculino,108
pwenman3v,tL156Ie%cbnoN=,Peter Wenman,pwenman3v@edu.com,Masculino,60
ncohen3w,sF6671D@/yY+q,Noreen Cohen,ncohen3w@edu.com,Masculino,137
ppinfold3x,bO144'g<KwfM'I`{,Portie Pinfold,ppinfold3x@edu.com,Femenino,37
dgleadhell3y,lF645*'s>`O2W5f?,Donella Gleadhell,dgleadhell3y@edu.com,Femenino,71
csneddon3z,eE407=8c,Charyl Sneddon,csneddon3z@edu.com,Femenino,45
ahalfpenny40,uA354EI'~1M},Abby Halfpenny,ahalfpenny40@edu.com,Femenino,108
brubinfeld41,vI6671Y\5,Billy Rubinfeld,brubinfeld41@edu.com,Masculino,4
rcolcutt42,oY547m1K3!P,Rabi Colcutt,rcolcutt42@edu.com,Femenino,105
tcanelas43,xC42808z,Thain Canelas,tcanelas43@edu.com,Femenino,107
mauchterlonie44,tE757x)ib,Muffin Auchterlonie,mauchterlonie44@edu.com,Masculino,84
"kthomke45,""lZ045Mv,h*}Fpd"",Kris Thomke,kthomke45@edu.com,Masculino,103"
jsouten46,wR170Jx~g>/,Joscelin Souten,jsouten46@edu.com,Femenino,92
cmcilhagga47,fV382}'s,Colleen McIlhagga,cmcilhagga47@edu.com,Masculino,13
pwolsey48,kZ345s0Z+qn@ligy,Portie Wolsey,pwolsey48@edu.com,Masculino,80
"churtado49,""lJ252Fsmg?+`=""""B+"",Crosby Hurtado,churtado49@edu.com,Masculino,136"
"csturney4a,""kA752*ml,*<O83"",Colman Sturney,csturney4a@edu.com,Masculino,137"
"dcasbon4b,""oP223T`,&(+V4zA"",Dmitri Casbon,dcasbon4b@edu.com,Femenino,77"
kdeath4c,jQ9169ZecjJR,Killie Death,kdeath4c@edu.com,Femenino,50
bvedeshkin4d,nY8674DQrNbTvrrP,Benetta Vedeshkin,bvedeshkin4d@edu.com,Femenino,25
hsarchwell4e,vA831F#e>,Hilliary Sarchwell,hsarchwell4e@edu.com,Masculino,10
wdaughtrey4f,oN590fjb(T~jnv64,Weber Daughtrey,wdaughtrey4f@edu.com,Masculino,113
ebiesinger4g,mS7680HT*,Ethelred Biesinger,ebiesinger4g@edu.com,Femenino,106
rpocock4h,kK752!e!KVo,Robena Pocock,rpocock4h@edu.com,Femenino,54
cbernardt4i,cK108~X7?GqW,Corella Bernardt,cbernardt4i@edu.com,Femenino,92
rbennell4j,oW613?nJ,Risa Bennell,rbennell4j@edu.com,Femenino,34
bdutson4k,mK96589\R8i`UL,Berta Dutson,bdutson4k@edu.com,Femenino,23
simpey4l,bX326(oII2=yCjP,Sonnie Impey,simpey4l@edu.com,Masculino,84
nterzza4m,fT289o1=sr4nPYcq,Nerty Terzza,nterzza4m@edu.com,Femenino,7
dgrigorkin4n,iU257t\}H{,Druci Grigorkin,dgrigorkin4n@edu.com,Femenino,93
jcollens4o,gA711rsoGA#WrE*,Jermain Collens,jcollens4o@edu.com,Femenino,141
rpiechnik4p,zV030\{A,Ruben Piechnik,rpiechnik4p@edu.com,Masculino,63
bmaclean4q,gT479i'Dr9<,Bronson Maclean,bmaclean4q@edu.com,Femenino,102
eveevers4r,gX969t?IoWf>I,Etty Veevers,eveevers4r@edu.com,Femenino,64
"ptreske4s,""pB5479,_'6"",Philipa Treske,ptreske4s@edu.com,Femenino,25"
mrivlin4t,nG182v=f1JW,Maude Rivlin,mrivlin4t@edu.com,Femenino,39
bcrump4u,hQ700'C{_QNz+,Brynna Crump,bcrump4u@edu.com,Masculino,141
"okroch4v,""bB986wJn,u9dQ$b4"",Orland Kroch,okroch4v@edu.com,Femenino,107"
lvogt4w,dA263o_+,Lil Vogt,lvogt4w@edu.com,Masculino,71
tsignore4x,wH639}!6c+?r,Teena Signore,tsignore4x@edu.com,Masculino,127
"tkasher4y,""kW9736q)""""bB82Ov\"",Tomi Kasher,tkasher4y@edu.com,Masculino,111"
kbrayley4z,vX718Rf7K.MiA,Keen Brayley,kbrayley4z@edu.com,Femenino,76
ademougeot50,tB107!j'43#9,Ariadne Demougeot,ademougeot50@edu.com,Masculino,34
aderell51,kH06773os3,Alyosha Derell,aderell51@edu.com,Masculino,77
istonall52,cT462BPjG3%op#D,Izabel Stonall,istonall52@edu.com,Masculino,46
ashuttle53,oX373.S`)|,Anthea Shuttle,ashuttle53@edu.com,Femenino,4
hdooland54,bL2188kf*U,Hilton Dooland,hdooland54@edu.com,Femenino,23
ablythin55,dA617>?nFrj,Amara Blythin,ablythin55@edu.com,Masculino,124
"tmair56,""yP631Q""""A%~Jg"",Tilda Mair,tmair56@edu.com,Femenino,69"
dstyan57,mB235z?g2eFFc&,Dino Styan,dstyan57@edu.com,Femenino,138
baspin58,tK260egKVVV/,Bartram Aspin,baspin58@edu.com,Masculino,92
rpepys59,jH6164uSVH,Ramon Pepys,rpepys59@edu.com,Masculino,143
nsexti5a,aY130{/Qzg2/1H7&,Nev Sexti,nsexti5a@edu.com,Femenino,83
"vfritchly5b,""zZ720""""PTlXZ"",Vic Fritchly,vfritchly5b@edu.com,Femenino,68"
fluetchford5c,iU039~yw,Fritz Luetchford,fluetchford5c@edu.com,Femenino,28
wkneeland5d,rO375_zY!i5g,Warden Kneeland,wkneeland5d@edu.com,Masculino,112
medgington5e,xU624XW3xoyFu9G,Meryl Edgington,medgington5e@edu.com,Femenino,104
rorteu5f,jJ987i@u&rmwb,Rudd Orteu,rorteu5f@edu.com,Femenino,4
cbowyer5g,rB560*e3ZjXt!f,Cristiano Bowyer,cbowyer5g@edu.com,Femenino,35
fdoogue5h,sX047Q=2_Fr,Frankie Doogue,fdoogue5h@edu.com,Masculino,83
lkarpol5i,tW916eEoFF@!(m,Laurent Karpol,lkarpol5i@edu.com,Masculino,139
mgoslin5j,cT544iNE,Maridel Goslin,mgoslin5j@edu.com,Femenino,115
jbolger5k,kC199fNt,Jeffy Bolger,jbolger5k@edu.com,Masculino,31
kportt5l,wE826j5Y3BB%,Karilynn Portt,kportt5l@edu.com,Femenino,26
rgrasha5m,lV834KPHbS\q,Rad Grasha,rgrasha5m@edu.com,Femenino,38
mcattlemull5n,fZ990Kb7D,Maryanne Cattlemull,mcattlemull5n@edu.com,Masculino,57
gstiegers5o,gT295pm`r6F'Ns21,Georgeta Stiegers,gstiegers5o@edu.com,Masculino,27
igilfether5p,sB1028L@dH?B,Ingram Gilfether,igilfether5p@edu.com,Masculino,96
mjosefsson5q,fJ322{Z@u_Q9O),Myron Josefsson,mjosefsson5q@edu.com,Femenino,121
hgrigori5r,rU294cO&C*T,Hilliary Grigori,hgrigori5r@edu.com,Masculino,104
mkarppi5s,iP994aJqftI,Minna Karppi,mkarppi5s@edu.com,Masculino,19
"dmewes5t,""kW710UG=L""""5xUsYT"",Dre Mewes,dmewes5t@edu.com,Femenino,144"
srohlf5u,sO795%t+PfG|5b,Stefa Rohlf,srohlf5u@edu.com,Masculino,113
sgarlant5v,gV494bgzRFB7,Sharon Garlant,sgarlant5v@edu.com,Masculino,66
dedowes5w,bV675I1N!I<(=b(,Deane Edowes,dedowes5w@edu.com,Femenino,34
rjerams5x,hJ6119EC.g_,Raleigh Jerams,rjerams5x@edu.com,Femenino,49
"mtredger5y,""nJ007""""&`"",Miner Tredger,mtredger5y@edu.com,Masculino,140"
abranigan5z,uJ429gT9@c,Adrian Branigan,abranigan5z@edu.com,Femenino,94
"cmakey60,""xX432n`!1,|"",Clari Makey,cmakey60@edu.com,Femenino,112"
mprettyjohn61,cH063+/p7reeM),Michele Prettyjohn,mprettyjohn61@edu.com,Femenino,140
nstowell62,yM767OO%!{7.YkR,Nadine Stowell,nstowell62@edu.com,Masculino,32
amudd63,nQ9874~0,Amabel Mudd,amudd63@edu.com,Femenino,28
acauderlie64,cB9751$H@HApzmo,Aubrey Cauderlie,acauderlie64@edu.com,Femenino,139
"kmelville65,""jM441}%y!Z,`P$Y"",Koo Melville,kmelville65@edu.com,Femenino,73"
ktrevers66,tS073`8kc,Kenn Trevers,ktrevers66@edu.com,Femenino,116
"jyeude67,""cC752&YM\4,T"",Jill Yeude,jyeude67@edu.com,Femenino,106"
dpaynton68,gD564X5ZHn,Dionisio Paynton,dpaynton68@edu.com,Masculino,126
routridge69,xZ200PV0K<MNx%,Remington Outridge,routridge69@edu.com,Masculino,83
dbruhnicke6a,iO883jbBYk,Daveta Bruhnicke,dbruhnicke6a@edu.com,Masculino,136
ghelstrom6b,yJ327Hdq.1%,Gibb Helstrom,ghelstrom6b@edu.com,Masculino,123
gbraker6c,nS989?s~Kqm~GY,Gusty Braker,gbraker6c@edu.com,Masculino,128
mbeatey6d,vL100Tb1!HI,Mayne Beatey,mbeatey6d@edu.com,Masculino,54
ihewes6e,dW726l8QW\nOFqwZ,Isobel Hewes,ihewes6e@edu.com,Femenino,69
rmeakin6f,zI051m~l##h<%,Rosella Meakin,rmeakin6f@edu.com,Masculino,46
cbogey6g,qH964\2@Bc31T,Cayla Bogey,cbogey6g@edu.com,Femenino,65
"bmayston6h,""kB987#Wj4,"",Burlie Mayston,bmayston6h@edu.com,Masculino,112"
gtaffe6i,nX864Dx4Az,Gipsy Taffe,gtaffe6i@edu.com,Masculino,10
mchawkley6j,iF074h=W,Miran Chawkley,mchawkley6j@edu.com,Femenino,106
"echopy6k,""dB065GaOXf""""x"",Euell Chopy,echopy6k@edu.com,Masculino,43"
hrundle6l,fL593*{a7GI$,Hyacinthia Rundle,hrundle6l@edu.com,Masculino,138
mbrassill6m,tM209G\>oo,Millisent Brassill,mbrassill6m@edu.com,Femenino,110
"ifranies6n,""zK300YEWVkKu"""""",Idette Franies,ifranies6n@edu.com,Masculino,110"
smcnaught6o,hQ052k~I)T2y,Shalom McNaught,smcnaught6o@edu.com,Masculino,57
"dcaruth6p,""oT983.GEC""""0SuB"",Davy Caruth,dcaruth6p@edu.com,Femenino,9"
hdmiterko6q,lH9587+}i,Harrison Dmiterko,hdmiterko6q@edu.com,Femenino,107
hlieb6r,wH751frxl9LQK>,Holli Lieb,hlieb6r@edu.com,Masculino,46
tgobbett6s,qW458e%HC&A+,Thalia Gobbett,tgobbett6s@edu.com,Masculino,15
pwedge6t,mH339tC\a#?p,Pamelina Wedge,pwedge6t@edu.com,Masculino,28
cdevereux6u,xJ944d_w(\@rwW0,Chelsie Devereux,cdevereux6u@edu.com,Femenino,61
htalman6v,pC055uol*J<h,Heather Talman,htalman6v@edu.com,Masculino,141
thuddleston6w,iZ028e2A@R,Trefor Huddleston,thuddleston6w@edu.com,Masculino,10
slecky6x,jR275FN\F>,Stephan Lecky,slecky6x@edu.com,Masculino,88
cmoncey6y,zA991G(nLLWiP,Claudia Moncey,cmoncey6y@edu.com,Femenino,142
tnutter6z,wO383nKdIS%,Tiffany Nutter,tnutter6z@edu.com,Femenino,38
jpraundl70,vA989BA_cFLjx8),Jennie Praundl,jpraundl70@edu.com,Femenino,105
hneles71,cB803<mP6?x?,Humfried Neles,hneles71@edu.com,Femenino,33
wrupprecht72,gF098=a/,Waring Rupprecht,wrupprecht72@edu.com,Femenino,64
"fupchurch73,""mA599)Q,J_"",Fletch Upchurch,fupchurch73@edu.com,Femenino,143"
dlever74,cI578FKpiM{,Danella Lever,dlever74@edu.com,Masculino,100
ashadrach75,zA659E.4G,Anneliese Shadrach,ashadrach75@edu.com,Masculino,33
jjacmard76,tC2990vK,Janeczka Jacmard,jjacmard76@edu.com,Femenino,8
"jstuddard77,""aK904R*.u,ynV6"",Jacques Studdard,jstuddard77@edu.com,Femenino,71"
tmacilhagga78,nB237ogzP,Theresa MacIlhagga,tmacilhagga78@edu.com,Masculino,141
fpaulig79,bF287_|mSEGptx3,Faunie Paulig,fpaulig79@edu.com,Femenino,92
nshaul7a,yT697s7})>|+u,Nerte Shaul,nshaul7a@edu.com,Femenino,87
mgaytor7b,eK500y?DD,Marty Gaytor,mgaytor7b@edu.com,Femenino,138
adyter7c,lL939s2}d4',Ardenia Dyter,adyter7c@edu.com,Femenino,68
megiloff7d,oJ566UvhPub,Melessa Egiloff,megiloff7d@edu.com,Masculino,65
"adoe7e,""jL944h,NB"",Atlanta Doe,adoe7e@edu.com,Masculino,142"
gsirette7f,pQ886E0nk(m$EJqc,Georgena Sirette,gsirette7f@edu.com,Femenino,59
cainscow7g,hA014U7mRU}w,Charmion Ainscow,cainscow7g@edu.com,Masculino,15
"swigan7h,""qV4991w#7k""""(C_"",Scotti Wigan,swigan7h@edu.com,Masculino,100"
bdungay7i,hZ906%/F&R,Bayard Dungay,bdungay7i@edu.com,Masculino,120
"tvan7j,""xO337L,9p"",Theadora Van T'Hoog,tvan7j@edu.com,Masculino,43"
"hyerby7k,""fK312""""FkDX=)X(j"",Hadleigh Yerby,hyerby7k@edu.com,Masculino,89"
bfernez7l,wT965adS|~N,Budd Fernez,bfernez7l@edu.com,Femenino,128
ggianuzzi7m,yZ630?3$WqyT,Garret Gianuzzi,ggianuzzi7m@edu.com,Femenino,7
hpawlett7n,nK682dX%X,Holly-anne Pawlett,hpawlett7n@edu.com,Masculino,101
"rschubbert7o,""nO153.5Ptw""""bn=Ni"",Robert Schubbert,rschubbert7o@edu.com,Masculino,48"
amowat7p,pT927|rqO,Amelita Mowat,amowat7p@edu.com,Masculino,98
rscourgie7q,cO640jF$TMN,Rey Scourgie,rscourgie7q@edu.com,Femenino,44
mcrebott7r,wC740PMmMy),Malachi Crebott,mcrebott7r@edu.com,Masculino,15
fhoulden7s,oJ897vTLr0E6ATL,Fara Houlden,fhoulden7s@edu.com,Masculino,141
csmale7t,fG085Hl>l#~4u!,Callean Smale,csmale7t@edu.com,Masculino,52
"dglaves7u,""pI288R2m!l,"",Duffy Glaves,dglaves7u@edu.com,Masculino,51"
ecasaccio7v,gT008<ZvGmXZ#`S,Emelen Casaccio,ecasaccio7v@edu.com,Masculino,127
cgittose7w,dG275(eR$,Carlyn Gittose,cgittose7w@edu.com,Femenino,79
lbemand7x,hH167Lpo8hFNn@,Lola Bemand,lbemand7x@edu.com,Femenino,121
shoundson7y,lC975(?%&w#,Shurlocke Houndson,shoundson7y@edu.com,Masculino,22
efeedome7z,gX263{W/V)<I,Eilis Feedome,efeedome7z@edu.com,Femenino,14
ebaruch80,fI324hau}O,Erina Baruch,ebaruch80@edu.com,Femenino,77
ydethloff81,zZ973PloK,Yovonnda Dethloff,ydethloff81@edu.com,Femenino,28
jpottinger82,kJ209nM'(}V{5I5,Janela Pottinger,jpottinger82@edu.com,Femenino,55
sdederick83,sH515WG?e,Sonny Dederick,sdederick83@edu.com,Masculino,104
cospillane84,pN241IC6MY,Chalmers O'Spillane,cospillane84@edu.com,Femenino,24
nbendel85,yB621xK{Q,Noam Bendel,nbendel85@edu.com,Femenino,117
ccousin86,kD399r=3=Dj=,Corette Cousin,ccousin86@edu.com,Femenino,36
ybenes87,qO623D#0/\x*m,Yolande Benes,ybenes87@edu.com,Femenino,36
tduesberry88,yB793/_.1F7=f,Turner Duesberry,tduesberry88@edu.com,Masculino,35
sllewellen89,xD813!_%h%nrvq&,Sheffy Llewellen,sllewellen89@edu.com,Femenino,70
"bextence8a,""hZ8727pH<~Bx""""$n"",Bekki Extence,bextence8a@edu.com,Femenino,78"
mdavidovits8b,gF878CW>g\1,Mirabella Davidovits,mdavidovits8b@edu.com,Masculino,107
"psimons8c,""yC931Z""""te$l"",Prinz Simons,psimons8c@edu.com,Masculino,75"
bfriedman8d,eH155ZVHX,Bentlee Friedman,bfriedman8d@edu.com,Masculino,136
ctownley8e,eB440`I2C<Dj>&/Y,Cristiano Townley,ctownley8e@edu.com,Masculino,41
vreven8f,gY621'EZ/qp%!3,Victor Reven,vreven8f@edu.com,Masculino,35
"mwinger8g,""gW496i""""J/<lhp}38"",Malia Winger,mwinger8g@edu.com,Femenino,54"
rpurches8h,wO825WTQT,Rossie Purches,rpurches8h@edu.com,Femenino,129
csheaf8i,kZ721DuUSh==Pf,Court Sheaf,csheaf8i@edu.com,Femenino,133
dcovert8j,lI654R<nPG9,Dale Covert,dcovert8j@edu.com,Masculino,43
fsayburn8k,jJ055N9LH@ca<<,Fernande Sayburn,fsayburn8k@edu.com,Femenino,85
vdavidowich8l,qK451Bda47EiYt+I,Vincent Davidowich,vdavidowich8l@edu.com,Femenino,58
qwichard8m,uV635HI%6<,Quinlan Wichard,qwichard8m@edu.com,Masculino,34
"ndowle8n,""vK2406&A""""2M+&$"",Nil Dowle,ndowle8n@edu.com,Femenino,19"
ablayney8o,lE845Rt!B6Vs,Ardelle Blayney,ablayney8o@edu.com,Masculino,11
lfarquhar8p,tN075!q`IdtN6T9{,Leora Farquhar,lfarquhar8p@edu.com,Femenino,67
mheartfield8q,bD612MB=txI,Mufinella Heartfield,mheartfield8q@edu.com,Masculino,117
jhellmore8r,yG734FZ\,Janis Hellmore,jhellmore8r@edu.com,Masculino,128
inoddings8s,hO811#C_5Xx,Irina Noddings,inoddings8s@edu.com,Femenino,52
sgallico8t,lY715(B5WP4amx?U,Stanly Gallico,sgallico8t@edu.com,Masculino,25
tedinburough8u,gF485t+T`kn9O|1O,Teirtza Edinburough,tedinburough8u@edu.com,Femenino,3
oconichie8v,tY445_n)`<tzb%W,Octavius Conichie,oconichie8v@edu.com,Masculino,39
"fcarless8w,""eK396w&dH,RH"",Feliks Carless,fcarless8w@edu.com,Masculino,33"
vtempleman8x,uJ942iy!g@nQ_9W,Violet Templeman,vtempleman8x@edu.com,Femenino,6
xwestnage8y,iG6922{jSm.,Xaviera Westnage,xwestnage8y@edu.com,Femenino,51
dpettipher8z,mY8073b_=xaBr!,Dallis Pettipher,dpettipher8z@edu.com,Masculino,27
"bhartright90,""mJ170>z,/,X#Ypk+"",Baron Hartright,bhartright90@edu.com,Masculino,74"
"fgrimble91,""mH726""""r\4=&(~A95"",Fonz Grimble,fgrimble91@edu.com,Femenino,4"
acorish92,kP52086wXnJP,Arne Corish,acorish92@edu.com,Masculino,10
yvanns93,wG983R@A?alsEnw,Yvette Vanns,yvanns93@edu.com,Femenino,37
"dle94,""kO905t4""""9Ja~E)"",Diann Le Conte,dle94@edu.com,Femenino,60"
mranyell95,kI110aacbNgX`?,Miquela Ranyell,mranyell95@edu.com,Masculino,22
tlawlance96,zW199}bOqC,Tara Lawlance,tlawlance96@edu.com,Femenino,53
dbuncher97,cB834d>tDjP2e47f,Drucie Buncher,dbuncher97@edu.com,Femenino,121
pmacknight98,bC884@(&p(j,Peadar MacKnight,pmacknight98@edu.com,Femenino,35
pcharity99,pM358MTnz,Patric Charity,pcharity99@edu.com,Masculino,63
dbuterton9a,nW888pq_u!kLBqx7,Daryn Buterton,dbuterton9a@edu.com,Masculino,83
cgoldsby9b,qJ053X5E,Christos Goldsby,cgoldsby9b@edu.com,Masculino,105
dvitte9c,uR398@X\x,Dicky Vitte,dvitte9c@edu.com,Masculino,67
nlawlor9d,tQ131P~v4kzZC4X{,Natka Lawlor,nlawlor9d@edu.com,Femenino,22
cpont9e,vP243O8l>OwK,Corene Pont,cpont9e@edu.com,Masculino,133
rmawhinney9f,kG341U=S,Roxane Mawhinney,rmawhinney9f@edu.com,Masculino,51
lthorntondewhirst9g,mN513sN6o?+Y,Luz Thornton-Dewhirst,lthorntondewhirst9g@edu.com,Femenino,15
cpulford9h,pE047!T}o7MZFW_b,Candy Pulford,cpulford9h@edu.com,Masculino,41
lloy9i,yL925&3s?T,Lothaire Loy,lloy9i@edu.com,Femenino,44
gfreshwater9j,pA241HihmGvQA,Glennie Freshwater,gfreshwater9j@edu.com,Masculino,91
rwalesa9k,vP540=l_ZcoBTi.,Rubina Walesa,rwalesa9k@edu.com,Masculino,99
hwayne9l,bV646l|=G~8},Hendrika Wayne,hwayne9l@edu.com,Femenino,59
"tchoupin9m,""rM676jr""""wmk'lB3'"",Tedda Choupin,tchoupin9m@edu.com,Femenino,144"
bbreakey9n,eP652T#y)/D~(7,Boote Breakey,bbreakey9n@edu.com,Masculino,10
"tbazelle9o,""fK420{rl,dJ#kZ"",Tish Bazelle,tbazelle9o@edu.com,Femenino,40"
astenett9p,gF9667J{,Alain Stenett,astenett9p@edu.com,Femenino,19
"skem9q,""bE4877!j%d$,&CEk"",Stephi Kem,skem9q@edu.com,Masculino,88"
ttebbut9r,oY6954Nszb{p>,Timothee Tebbut,ttebbut9r@edu.com,Femenino,123
bbailles9s,lI363<FAYIW@,Bertine Bailles,bbailles9s@edu.com,Femenino,94
icurrer9t,tD706fPdU\,Ingeborg Currer,icurrer9t@edu.com,Masculino,107
ccongrave9u,rD220f2G&,Carney Congrave,ccongrave9u@edu.com,Masculino,76
gmegahey9v,mJ966.i5|\6e,Ganny Megahey,gmegahey9v@edu.com,Femenino,111
tshemmin9w,nK1317p<BQ(8%h4,Twyla Shemmin,tshemmin9w@edu.com,Femenino,93
vmurrum9x,oN225i>n<cKg}2L,Venita Murrum,vmurrum9x@edu.com,Femenino,121
frappaport9y,uH1618D89c!0W,Francklyn Rappaport,frappaport9y@edu.com,Femenino,47
"aanstis9z,""qX174|Uhm,Y$"",Agathe Anstis,aanstis9z@edu.com,Masculino,47"
fgodbera0,fV470ErqRi<P,Foster Godber,fgodbera0@edu.com,Masculino,52
dpetrushkaa1,gE831CBi/>z@Ek,Dori Petrushka,dpetrushkaa1@edu.com,Femenino,30
sfauscha2,dK606>w?T*@O\M4,Standford Fausch,sfauscha2@edu.com,Femenino,118
dmaidlowa3,gR750X||0,Darryl Maidlow,dmaidlowa3@edu.com,Femenino,120
mshillana4,kF656W{j5R|,Michaella Shillan,mshillana4@edu.com,Masculino,10
icaudlea5,mE162~8%yD,Isabella Caudle,icaudlea5@edu.com,Masculino,34
kforstera6,rR224zD3bDK2xDF`,Kasey Forster,kforstera6@edu.com,Masculino,95
bjentona7,uV661H?*A,Barclay Jenton,bjentona7@edu.com,Masculino,80
amillsa8,cE173}$a8|Q'Q,Aylmar Mills,amillsa8@edu.com,Femenino,44
wdolana9,pI238~mgBqAj8H,Wileen Dolan,wdolana9@edu.com,Masculino,118
cheinssenaa,jU632$AO|,Cornall Heinssen,cheinssenaa@edu.com,Masculino,106
cagottab,gP463gE?<o`p,Cornelia Agott,cagottab@edu.com,Femenino,41
"ajarryac,""zG735z""""~j1Suq"",Anetta Jarry,ajarryac@edu.com,Femenino,72"
ncatenotad,pJ0268j@FSrW@,Noah Catenot,ncatenotad@edu.com,Masculino,43
eulrikae,cJ799q75bw,Ezekiel Ulrik,eulrikae@edu.com,Femenino,143
iruleraf,bF542afDDIflQ.,Idette Ruler,iruleraf@edu.com,Masculino,62
rbonettag,hK435Lu\HV*gY,Rhett Bonett,rbonettag@edu.com,Femenino,142
ldanovichah,fE322+yUb,Lotty Danovich,ldanovichah@edu.com,Femenino,61
lattleeai,oM502`|y)Z$?6,Linea Attlee,lattleeai@edu.com,Femenino,76
lmixhelaj,wU844jOsSn<9,Leoline Mixhel,lmixhelaj@edu.com,Femenino,109
gcannellak,zJ205{q?1rc~tRT,Griffith Cannell,gcannellak@edu.com,Masculino,139
gdymokeal,kG421C|v{oey,Glenna Dymoke,gdymokeal@edu.com,Femenino,70
ewilbudam,jL941b`(<kH7,Emmey Wilbud,ewilbudam@edu.com,Masculino,29
tsempillan,wM574y~7+rSBhjO,Tiffie Sempill,tsempillan@edu.com,Masculino,31
amcneeao,kJ541{oO+2Bp/,Alastair McNee,amcneeao@edu.com,Femenino,65
cbinsteadap,yO748N(`3`KS,Conni Binstead,cbinsteadap@edu.com,Femenino,111
"clynesaq,""hS534{""""zlHk#QPR"",Chadwick Lynes,clynesaq@edu.com,Femenino,71"
"oeberlear,""hX653iOvZM5(c,<"",Orson Eberle,oeberlear@edu.com,Masculino,57"
abecceraas,lF494*11@*`np4,Abe Beccera,abecceraas@edu.com,Masculino,57
ipettusat,wZ0198dAh@fnq>,Imogen Pettus,ipettusat@edu.com,Masculino,18
lpecheau,eQ711clkuMiFsJ,Leslie Peche,lpecheau@edu.com,Masculino,90
ftaskerav,eX835~l64mE,Fern Tasker,ftaskerav@edu.com,Femenino,62
sapplinaw,cN157p6j<8,Shellysheldon Applin,sapplinaw@edu.com,Masculino,110
tvokesax,xS474Ae5c*V,Tomasina Vokes,tvokesax@edu.com,Femenino,129
wpozziay,nW53236C|uAE,Will Pozzi,wpozziay@edu.com,Femenino,7
zwrittleaz,yA328ii1,Zachery Writtle,zwrittleaz@edu.com,Femenino,122
sfulleyloveb0,iQ839{hvq2,Seumas Fulleylove,sfulleyloveb0@edu.com,Femenino,37
dmurrhauptb1,yW951PqZG,Doralia Murrhaupt,dmurrhauptb1@edu.com,Masculino,135
rmcmichellb2,yX531|Y4wyO,Riccardo McMichell,rmcmichellb2@edu.com,Femenino,134
eloundsb3,kG315pmny\Q?,Emanuele Lounds,eloundsb3@edu.com,Femenino,9
itimlinb4,bK644LRUXtXL8zQ$,Ilsa Timlin,itimlinb4@edu.com,Masculino,61
"kpaprotnyb5,""nA970,\r.PL=pj?"",Kamilah Paprotny,kpaprotnyb5@edu.com,Femenino,144"
ccoulstonb6,hS469Lm?(OYi,Christian Coulston,ccoulstonb6@edu.com,Masculino,84
"blandellsb7,""dV674i$#""""VPN`B"",Beverie Landells,blandellsb7@edu.com,Femenino,62"
"abratleyb8,""fV783H\dzt"""""",Agatha Bratley,abratleyb8@edu.com,Femenino,56"
lfitkinb9,jH3832(e9,Lauryn Fitkin,lfitkinb9@edu.com,Masculino,32
oknipeba,dS723c&4S1#_$,Opal Knipe,oknipeba@edu.com,Femenino,71
rdahlbackbb,eZ903&DS(Q.bV0,Randene Dahlback,rdahlbackbb@edu.com,Femenino,16
rvaggesbc,bB382g_4,Renee Vagges,rvaggesbc@edu.com,Masculino,51
ndallabd,gF801&+o,Natal Dalla,ndallabd@edu.com,Femenino,59
wadrainbe,dH767R5(|Llg?~FX,Waiter Adrain,wadrainbe@edu.com,Masculino,128
"jgronallerbf,""zP067~ug""""rz_"",Jackqueline Gronaller,jgronallerbf@edu.com,Femenino,75"
gmozzettibg,yC560eEg2i1,Glennie Mozzetti,gmozzettibg@edu.com,Masculino,66
dmatushevichbh,yU807V/4kK.V~O),Dulcinea Matushevich,dmatushevichbh@edu.com,Femenino,85
dshoutebi,gP430$>Rq=,Darleen Shoute,dshoutebi@edu.com,Femenino,25
dfrankhambj,pO288%>%'@y{#,Darwin Frankham,dfrankhambj@edu.com,Masculino,82
emaylinbk,jC184TY))\E.M@,Elonore Maylin,emaylinbk@edu.com,Femenino,115
erickardesbl,xI712C_xTEiS8}S&,Erhart Rickardes,erickardesbl@edu.com,Femenino,131
arotherbm,kM894U/I4,Adriaens Rother,arotherbm@edu.com,Femenino,143
lmilbornbn,mA419+_hW26,Larissa Milborn,lmilbornbn@edu.com,Femenino,17
lrimebo,sS764D>/>p,Lacee Rime,lrimebo@edu.com,Femenino,70
astroobantbp,mR119.\yl%o,Austina Stroobant,astroobantbp@edu.com,Femenino,92
brudmanbq,fH969yI3P,Boycey Rudman,brudmanbq@edu.com,Masculino,137
rwalnebr,oW2291lJ!xvkBYb,Rodina Walne,rwalnebr@edu.com,Femenino,8
jclarabutbs,oY586s/4n,Janina Clarabut,jclarabutbs@edu.com,Femenino,85
ddrewcliftonbt,tM672lb0c?G,Darby Drew-Clifton,ddrewcliftonbt@edu.com,Masculino,69
"bgiacomuccibu,""vQ968%2"""""",Blinny Giacomucci,bgiacomuccibu@edu.com,Femenino,132"
mfoucarbv,pK568tL!rd,Marj Foucar,mfoucarbv@edu.com,Femenino,124
aoverthrowbw,dS999L45,Alfy Overthrow,aoverthrowbw@edu.com,Masculino,106
vdibbbx,lN320RNkWbk6Pa7|,Valma Dibb,vdibbbx@edu.com,Masculino,76
"amatussovby,""cA810f=,7N?"",Afton Matussov,amatussovby@edu.com,Masculino,39"
agibberdbz,bN363\%E@U{,Alanah Gibberd,agibberdbz@edu.com,Masculino,143
"pfaltskogc0,""hH678r5evb,*"",Paulette Faltskog,pfaltskogc0@edu.com,Femenino,56"
bohartiganc1,qE371(z2RhR`ELs(,Burnard O'Hartigan,bohartiganc1@edu.com,Femenino,43
lhanshawec2,qV379/4&Ft_K,Lilith Hanshawe,lhanshawec2@edu.com,Femenino,60
pgaddiec3,mA766rQ(4<'),Pammie Gaddie,pgaddiec3@edu.com,Masculino,116
ostibbsc4,dA972ci?(,Odessa Stibbs,ostibbsc4@edu.com,Femenino,88
korrocksc5,hP969rAUh`QX|K9C,Kendra Orrocks,korrocksc5@edu.com,Masculino,104
whurchec6,lX835f_X.UpW%,Wileen Hurche,whurchec6@edu.com,Masculino,86
hlechmerec7,aM614Z9qW{75x>_W,Hamil Lechmere,hlechmerec7@edu.com,Femenino,105
ctattonc8,kX950?`ZiFz+97OZ,Clemmie Tatton,ctattonc8@edu.com,Femenino,122
hfriedc9,vG227.pgtw,Hewie Fried,hfriedc9@edu.com,Femenino,85
"dpatesca,""xC916G=?\!,"",Darci Pates,dpatesca@edu.com,Femenino,31"
thealdcb,qA143c8'J.c,Tobi Heald,thealdcb@edu.com,Masculino,111
jjimenocc,cQ893(?Y`<#=.4,Janie Jimeno,jjimenocc@edu.com,Femenino,123
kwraggscd,lJ127j8/}5.,Kirsten Wraggs,kwraggscd@edu.com,Masculino,104
lwilmingtonce,dC471gc@Q=SZ.A,Lonnie Wilmington,lwilmingtonce@edu.com,Femenino,91
ubowldcf,xX091Z9pjQ(+,Ulises Bowld,ubowldcf@edu.com,Masculino,87
dsanderscg,lO486NAk.r6,Devlen Sanders,dsanderscg@edu.com,Femenino,60
mcorringhamch,bL556C(#q&,Morris Corringham,mcorringhamch@edu.com,Masculino,118
rjardeinci,lB7020_'+,Randee Jardein,rjardeinci@edu.com,Masculino,15
traynardcj,yJ263(Tbg2OkqH,Tiff Raynard,traynardcj@edu.com,Masculino,139
lsharvellck,iE5286g\,Lorita Sharvell,lsharvellck@edu.com,Masculino,61
eitzcovichcl,aW671Ehfv?b*UA,Eleonore Itzcovich,eitzcovichcl@edu.com,Masculino,82
xhorlickcm,cW018BiSTJN1Q##1,Xylia Horlick,xhorlickcm@edu.com,Femenino,47
abarukhcn,oP366CeuCN%R/b*#,Annabal Barukh,abarukhcn@edu.com,Femenino,111
rstoffersenco,lZ265b@D7,Rancell Stoffersen,rstoffersenco@edu.com,Femenino,39
emcgebenaycp,xR332DVCywM.e.),Edvard McGebenay,emcgebenaycp@edu.com,Femenino,130
eaxstoncq,mI566o&6!D,Effie Axston,eaxstoncq@edu.com,Masculino,7
spheaseycr,kR311{VIfjIK,Sandor Pheasey,spheaseycr@edu.com,Masculino,27
cgreenhowcs,iM387V_*$nz~,Colver Greenhow,cgreenhowcs@edu.com,Femenino,30
mbrantct,eK327H~m0JW?ysj,Manuel Brant,mbrantct@edu.com,Femenino,112
vgeorgelcu,yG529t|D}S,Vinnie Georgel,vgeorgelcu@edu.com,Femenino,95
atoghillcv,sO732P`@,Anastasia Toghill,atoghillcv@edu.com,Masculino,140
hsimmcw,sL7996bmdFN2/?C,Hilly Simm,hsimmcw@edu.com,Femenino,13
ebairnsfathercx,uR603}'**,Edita Bairnsfather,ebairnsfathercx@edu.com,Masculino,62
amolancy,fP363UlHT,Ambrosio Molan,amolancy@edu.com,Femenino,11
nloynescz,oW3364wMb,Ninnetta Loynes,nloynescz@edu.com,Femenino,27
"aperagod0,""yI168""""$.??2c"",Arri Perago,aperagod0@edu.com,Masculino,55"
jdyked1,xV014}KiE#4,Janeta Dyke,jdyked1@edu.com,Femenino,92
fgreatbankd2,xJ003NxNd?2D,Feliza Greatbank,fgreatbankd2@edu.com,Femenino,80
sverrechiad3,jX799?RurDZ`Cv,Suzann Verrechia,sverrechiad3@edu.com,Masculino,24
"kraubenheimerd4,""zL551""""#`"",Kalli Raubenheimer,kraubenheimerd4@edu.com,Femenino,63"
mbreached5,cT674.Eu,Mickey Breache,mbreached5@edu.com,Masculino,140
edunnetd6,wB082`71jOV'Vg,Erda Dunnet,edunnetd6@edu.com,Masculino,120
"gmckissackd7,""oB667t""""|s*qfPkFr"",Glenden McKissack,gmckissackd7@edu.com,Femenino,131"
estovelld8,dS1811f*)+kv,Ethelred Stovell,estovelld8@edu.com,Femenino,96
creiachd9,xZ780im<r\(*OIOs,Christyna Reiach,creiachd9@edu.com,Femenino,34
cfortesquieuda,oO7776f}r8AQl,Carly Fortesquieu,cfortesquieuda@edu.com,Femenino,124
"kcandwelldb,""sE681+opI$""""|/PgO"",Kynthia Candwell,kcandwelldb@edu.com,Femenino,64"
dstollbergerdc,jF387?@>G,Debi Stollberger,dstollbergerdc@edu.com,Masculino,51
bbroshdd,eF111<4zgz,Bob Brosh,bbroshdd@edu.com,Femenino,130
"shalliwellde,""lL492X\Zz(fH,"",Sunny Halliwell,shalliwellde@edu.com,Femenino,54"
pcarrolldf,bS958=Y#zb,Pansie Carroll,pcarrolldf@edu.com,Masculino,109
emcarddg,sZ527fno,Edd McArd,emcarddg@edu.com,Femenino,43
jwhitingdh,aR149UiG,Jodee Whiting,jwhitingdh@edu.com,Masculino,120
lpleveydi,nX060lQEq,Lemmie Plevey,lpleveydi@edu.com,Femenino,111
mmorrilldj,iH576P|W,Morlee Morrill,mmorrilldj@edu.com,Femenino,120
csetondk,mM245_7c,Christiana Seton,csetondk@edu.com,Masculino,78
jcoildl,yM4930!~|hwu,Julissa Coil,jcoildl@edu.com,Masculino,50
mmcclounandm,dD410#gK8g_wTQpH,Mylo McClounan,mmcclounandm@edu.com,Masculino,5
toadedn,zC916C1?D/,Tedi Oade,toadedn@edu.com,Femenino,47
amontesdo,vQ108R95xcHKs,Auberon Montes,amontesdo@edu.com,Femenino,58
"uhenkedp,""dX2240c"""""",Ursuline Henke,uhenkedp@edu.com,Femenino,92"
bdalliwaterdq,gH441\UDLbJ,Bessy Dalliwater,bdalliwaterdq@edu.com,Masculino,22
mhuguetdr,hP992.erNkFF\B/,Meggie Huguet,mhuguetdr@edu.com,Masculino,125
ptarryds,vE045W6n,Patrizius Tarry,ptarryds@edu.com,Femenino,144
nbeautymandt,gB418MwzXtK,Nonnah Beautyman,nbeautymandt@edu.com,Masculino,130
gkrausedu,iH113_dpVR/Imi,Gibby Krause,gkrausedu@edu.com,Femenino,4
lstandidgedv,eC628DE9V0,Lucinda Standidge,lstandidgedv@edu.com,Femenino,118
bellicedw,nE036NbDWkGG?Ez,Bartholemy Ellice,bellicedw@edu.com,Femenino,80
sgearydx,sN618R~n,Shepard Geary,sgearydx@edu.com,Masculino,79
"lklimkovdy,""mR989oX.R$""""}4B"",Lexis Klimkov,lklimkovdy@edu.com,Femenino,118"
nkidnerdz,hT039JemS?x1q8PM,Nadia Kidner,nkidnerdz@edu.com,Masculino,92
dspringalle0,tM523JSS2i&w{q,Dev Springall,dspringalle0@edu.com,Femenino,100
yboatmane1,dD257/T?AN',Yetty Boatman,yboatmane1@edu.com,Masculino,48
dradnagee2,vF832L7d(N$~H`d,Dore Radnage,dradnagee2@edu.com,Masculino,79
rgorglere3,zS491)R'|v#43,Renard Gorgler,rgorglere3@edu.com,Femenino,101
"hclausnere4,""pU831c1%`N,V{6"",Hans Clausner,hclausnere4@edu.com,Femenino,117"
pwineare5,fT0829jhu,Petr Winear,pwineare5@edu.com,Masculino,75
lrileye6,jK869{MOdhdQ',Luis Riley,lrileye6@edu.com,Masculino,26
cterrene7,qI355Cc}V,Cyndy Terren,cterrene7@edu.com,Femenino,28
tluckmane8,aS232eFtr(PN}~,Thekla Luckman,tluckmane8@edu.com,Masculino,46
"rartoise9,""kJ461>z&Gw0h*""""="",Rubetta Artois,rartoise9@edu.com,Femenino,59"
mbrattellea,rO417TVqLAx,Michelina Brattell,mbrattellea@edu.com,Femenino,74
"dwedlockeb,""kD293wb$+&.=9,T"",Damien Wedlock,dwedlockeb@edu.com,Femenino,37"
swayec,kW779\shFH9l\,Schuyler Way,swayec@edu.com,Femenino,9
srichted,bB822)6K'{M~~,Sanders Richt,srichted@edu.com,Masculino,98
rwhytockee,oA137BNW8}O,Rodina Whytock,rwhytockee@edu.com,Masculino,92
"tgolledgeef,""yF301sYR}iC""""=Sy"",Tasha Golledge,tgolledgeef@edu.com,Masculino,76"
mcotteeg,kV710Z)(XUraK{Ox,Manuel Cotte,mcotteeg@edu.com,Femenino,21
gconkeyeh,qV795.h!d|W/|iK,Galvin Conkey,gconkeyeh@edu.com,Masculino,112
bhaskerei,dI73308%B,Binni Hasker,bhaskerei@edu.com,Masculino,55
ggwillimej,fU227W+!P,Gearalt Gwillim,ggwillimej@edu.com,Femenino,43
mconkeyek,hM028SsiVp+@bTWy,Merralee Conkey,mconkeyek@edu.com,Femenino,63
"scarriageel,""eB3650kaYCH""""Pf"",Stephana Carriage,scarriageel@edu.com,Masculino,22"
chardstaffem,iB863Hnh8JT{,Cissiee Hardstaff,chardstaffem@edu.com,Femenino,5
ireedersen,kL848(>K{/,Ignacio Reeders,ireedersen@edu.com,Masculino,130
vklaaaseneo,sM565IXh?,Vinson Klaaasen,vklaaaseneo@edu.com,Femenino,45
atattershallep,aF662(jQzNb<Rq,Archy Tattershall,atattershallep@edu.com,Femenino,130
toxbroweq,nC727dnP,Tatiania Oxbrow,toxbroweq@edu.com,Femenino,59
anoloter,zG560$kXg>sVp2{,Amargo Nolot,anoloter@edu.com,Femenino,49
gwarlowees,nF762*9X#48X,Georgeanne Warlowe,gwarlowees@edu.com,Femenino,49
"vcaganet,""oB944L31'L""""/Qj"",Vilhelmina Cagan,vcaganet@edu.com,Masculino,43"
"myurkiewiczeu,""eJ187Bjw""""c?9\Q"",Maurise Yurkiewicz,myurkiewiczeu@edu.com,Femenino,91"
steeceev,eM772NyY.fCV_.R,Selina Teece,steeceev@edu.com,Femenino,40
egurgew,vC747haTSx,Eadith Gurg,egurgew@edu.com,Masculino,69
tburrisex,aQ110lY!,Tuckie Burris,tburrisex@edu.com,Femenino,54
kseddoney,cC447=g_%~L9ge,Kore Seddon,kseddoney@edu.com,Femenino,80
dseekingsez,gP255+@M6d<cv',Di Seekings,dseekingsez@edu.com,Masculino,120
mmcilwraithf0,uQ119c(VSGDIR,Mayne McIlwraith,mmcilwraithf0@edu.com,Femenino,134
msnipef1,jG524c_=C#kvZ40z,Manolo Snipe,msnipef1@edu.com,Masculino,25
sfitzroyf2,zY404)uDSi,Sapphira Fitzroy,sfitzroyf2@edu.com,Femenino,135
ohoppnerf3,rU380uZ6{Tu,Obadias Hoppner,ohoppnerf3@edu.com,Masculino,118
udaouzef4,uO439`/NJYz,Ursa Daouze,udaouzef4@edu.com,Femenino,16
pmitchelsonf5,hM082=j<,Paxton Mitchelson,pmitchelsonf5@edu.com,Masculino,85
darchbuttf6,mH176e$aXUsLtIA,Drucill Archbutt,darchbuttf6@edu.com,Masculino,24
cbriatf7,aU444F|B3q(L/+#y,Claiborn Briat,cbriatf7@edu.com,Masculino,135
jszreterf8,xR328tCA8{j/y<p,Justine Szreter,jszreterf8@edu.com,Femenino,5
bjestef9,tI515lFG,Bliss Jeste,bjestef9@edu.com,Masculino,76
cfoldsfa,vI070(9!.!W9,Caritta Folds,cfoldsfa@edu.com,Masculino,128
ckissfb,yC636+XkG(.t~H,Cybill Kiss,ckissfb@edu.com,Masculino,17
gsivillsfc,rN268CJEwPNip,Gordon Sivills,gsivillsfc@edu.com,Femenino,144
"khighnamfd,""vU158&S%N""""axb%"",Kaye Highnam,khighnamfd@edu.com,Masculino,31"
mbaytropfe,uM589T=/L$!yaf,Madelina Baytrop,mbaytropfe@edu.com,Masculino,90
mmacintyreff,yM978q`p,Marrissa MacIntyre,mmacintyreff@edu.com,Femenino,66
ecozzifg,kP817i=.xa>F,Elinor Cozzi,ecozzifg@edu.com,Femenino,49
aganingfh,qW054SAj,Ali Ganing,aganingfh@edu.com,Femenino,117
lwalderfi,kV629*Hd8v,Lottie Walder,lwalderfi@edu.com,Masculino,119
"otoweyfj,""yY698MI<K{""""jPDDa"",Onfroi Towey,otoweyfj@edu.com,Femenino,43"
"dwoodyerfk,""rZ789C)`""""Z+yq"",Dennet Woodyer,dwoodyerfk@edu.com,Femenino,102"
sbridglandfl,uQ109sl`Tva!c,Scott Bridgland,sbridglandfl@edu.com,Femenino,47
cblaberfm,eT001M97A6wwN,Carmel Blaber,cblaberfm@edu.com,Masculino,56
tbrumbyfn,wC949UW@|+E<a,Theresa Brumby,tbrumbyfn@edu.com,Femenino,35
tginnanefo,sY395jir~1D}MJvF,Tera Ginnane,tginnanefo@edu.com,Masculino,136
gshottonfp,qE974|pY,Gabi Shotton,gshottonfp@edu.com,Masculino,105
"scawthrafq,""wJ068""""B9OPT{i~Bv"",Sammie Cawthra,scawthrafq@edu.com,Masculino,142"
dvarahfr,rH181Gz63YSSS\5x,Dory Varah,dvarahfr@edu.com,Masculino,42
"rkingsnorthfs,""oM205ny%*""""47,#"",Rochella Kingsnorth,rkingsnorthfs@edu.com,Masculino,25"
rdevlinft,qF695|ycyQ0@%,Reta Devlin,rdevlinft@edu.com,Femenino,27
amcgunleyfu,xL663IJv+G5,Amby McGunley,amcgunleyfu@edu.com,Femenino,17
mbutterwickfv,aK409f(?IQF},Myrlene Butterwick,mbutterwickfv@edu.com,Femenino,100
jgarmansonfw,cT366|z1fK_,Jimmie Garmanson,jgarmansonfw@edu.com,Femenino,22
fphearfx,jA879YJa|&,Friedrick Phear,fphearfx@edu.com,Masculino,97
tkalkoferfy,iO868n|=t{3@$1x,Tymothy Kalkofer,tkalkoferfy@edu.com,Masculino,78
lmcveighfz,hB302/_S,Lorne McVeigh,lmcveighfz@edu.com,Femenino,4
atiddemang0,kK079\+hh~s8,Ashleigh Tiddeman,atiddemang0@edu.com,Masculino,92
"kgudemang1,""wR243L2%y,=B"",Korry Gudeman,kgudemang1@edu.com,Masculino,62"
bkitchensideg2,sS823*Z<PP/Zm.,Barty Kitchenside,bkitchensideg2@edu.com,Masculino,40
crendbaekg3,dJ982SUVeG,Cobbie Rendbaek,crendbaekg3@edu.com,Masculino,84
cfilippellog4,lJ21182%eR>2H2,Cordie Filippello,cfilippellog4@edu.com,Masculino,139
"tlumsdong5,""kZ684""""2.,_kW8AEW"",Tilly Lumsdon,tlumsdong5@edu.com,Masculino,118"
"mcomettig6,""dH397fH,b"",Madelaine Cometti,mcomettig6@edu.com,Femenino,107"
thuckellg7,aM286qas'#0R,Tracy Huckell,thuckellg7@edu.com,Femenino,99
adurransg8,zF044<jML,Arlette Durrans,adurransg8@edu.com,Masculino,143
cbottrillg9,bA876?\&X!2|I,Carlina Bottrill,cbottrillg9@edu.com,Femenino,133
bgehrickega,lU243es\,Bernie Gehricke,bgehrickega@edu.com,Masculino,24
ctousongb,aC371g=GK8&p8YBb,Christoffer Touson,ctousongb@edu.com,Femenino,5
jwoodingsgc,dD960'`h)(,Jere Woodings,jwoodingsgc@edu.com,Femenino,15
mdonneelygd,fZ657uha1Fd',Mata Donneely,mdonneelygd@edu.com,Femenino,92
fblakerge,lR328P2ubn{#,Far Blaker,fblakerge@edu.com,Femenino,142
lbowerygf,lB346Mv'G#r33|/X,Lyndell Bowery,lbowerygf@edu.com,Masculino,28
hstuehmeyergg,nO471.P9/KEr}2,Hogan Stuehmeyer,hstuehmeyergg@edu.com,Masculino,30
apapworthgh,iB315X>PN5Kix}6S,Austen Papworth,apapworthgh@edu.com,Femenino,125
kmathiasengi,zP882a?t<+,Kristyn Mathiasen,kmathiasengi@edu.com,Femenino,36
cstgj,dV378_iLLV31$C$X,Cornelius St. Clair,cstgj@edu.com,Masculino,96
rolorenshawgk,gZ783km|xG_D,Rosette Olorenshaw,rolorenshawgk@edu.com,Masculino,84
otunnicliffgl,vX532_@phMM+LS,Olivette Tunnicliff,otunnicliffgl@edu.com,Masculino,12
gmonksgm,tF924CSN)W_x,Ginger Monks,gmonksgm@edu.com,Femenino,36
zzsagn,uL103MnSQ),Zsa zsa Beresfore,zzsagn@edu.com,Masculino,111
dfarriergo,rT479<1).,Darbee Farrier,dfarriergo@edu.com,Masculino,144
"gforregp,""yM174,G4'1jV/"",Gipsy Forre,gforregp@edu.com,Masculino,91"
fosoriogq,oF6100)RxyB,Francisca Osorio,fosoriogq@edu.com,Masculino,85
wfowlergr,eR644#DfrY(D,Warner Fowler,wfowlergr@edu.com,Femenino,10
bdominickgs,zO032gN},Brnaby Dominick,bdominickgs@edu.com,Masculino,126
opoynzergt,gW998d<>Nz,Oralle Poynzer,opoynzergt@edu.com,Masculino,87
glawlygu,tU152ZBW,Glenn Lawly,glawlygu@edu.com,Masculino,32
seastburygv,gE571RL`v=.$|,Selia Eastbury,seastburygv@edu.com,Masculino,124
bskacelgw,gR665cW_Jg#YxSe+,Brinn Skacel,bskacelgw@edu.com,Femenino,105
"rwheeldongx,""hL364$,xL(~=B6{<"",Roxanna Wheeldon,rwheeldongx@edu.com,Femenino,144"
ilugdengy,cQ831QFr6u\rs,Isis Lugden,ilugdengy@edu.com,Femenino,70
cnewtongz,mS851b?YK,Cynthy Newton,cnewtongz@edu.com,Femenino,51
alinnellh0,xC904q}N5_gE,Anett Linnell,alinnellh0@edu.com,Femenino,34
pprandih1,sE3144j9,Pearce Prandi,pprandih1@edu.com,Masculino,8
ekingslyh2,hE040D8NtTabsQ9,Eddy Kingsly,ekingslyh2@edu.com,Femenino,16
dpepperrallh3,mW261~Lr<P`NB`A,Dari Pepperrall,dpepperrallh3@edu.com,Masculino,73
hlemonh4,vT977_Y*w\kGqmrT,Harlie Lemon,hlemonh4@edu.com,Femenino,10
dhuddleh5,kR620+}a*Vs,Dante Huddle,dhuddleh5@edu.com,Masculino,28
mbeckinsaleh6,oJ355o)YXd8,Marylou Beckinsale,mbeckinsaleh6@edu.com,Masculino,82
arapellih7,xC212jL7?R`j~UhT,Agatha Rapelli,arapellih7@edu.com,Femenino,92
fkendellh8,sR929L+72UjO,Fritz Kendell,fkendellh8@edu.com,Femenino,25
"mbartah9,""kG248z,Dj8$tq"",Margi Barta,mbartah9@edu.com,Masculino,3"
chaughinha,rU278$J?5lkNocR,Clarisse Haughin,chaughinha@edu.com,Masculino,73
cjoannichb,oO257U=Hv,Cullie Joannic,cjoannichb@edu.com,Masculino,125
ljoselovitchhc,rW843rw>9}nGI.37,Lou Joselovitch,ljoselovitchhc@edu.com,Femenino,120
atruckellhd,iQ989~RgN,Amata Truckell,atruckellhd@edu.com,Masculino,123
ffreakehe,rY931(mXm}+MzYL0,Francoise Freake,ffreakehe@edu.com,Femenino,111
smityukovhf,gF527}AI>&T,Shari Mityukov,smityukovhf@edu.com,Masculino,40
ddewberryhg,wG156n|%|_Dl<,Derril Dewberry,ddewberryhg@edu.com,Masculino,34
"wconstancehh,""jI964W{"""")VI@UB9"",Wilmar Constance,wconstancehh@edu.com,Femenino,139"
"mbabalolahi,""jZ439}?,T"",Martica Babalola,mbabalolahi@edu.com,Masculino,29"
bmccaugheyhj,wH663gA=~iY.f,Berty McCaughey,bmccaugheyhj@edu.com,Femenino,83
mdanielishk,tK212c<>x,Murry Danielis,mdanielishk@edu.com,Masculino,132
hsalerghl,gL878X2urh,Husain Salerg,hsalerghl@edu.com,Masculino,67
"gberthothm,""bM9649,z90zP*Z"",Gustav Berthot,gberthothm@edu.com,Femenino,53"
srichingshn,oL168uxAh0~1,See Richings,srichingshn@edu.com,Masculino,116
gborleyho,tX255d(>D&,Gennie Borley,gborleyho@edu.com,Femenino,116
"svanhp,""qD025U\""""%@5"",Siana Van Der Straaten,svanhp@edu.com,Masculino,69"
"ssteinhq,""gQ354*9""""*>L4e"",Sammy Stein,ssteinhq@edu.com,Femenino,104"
vhewinshr,rF922fr28ws&,Vere Hewins,vhewinshr@edu.com,Masculino,106
cbowcockhs,iR993l7P*l<X8vH,Cully Bowcock,cbowcockhs@edu.com,Masculino,33
vgerrelsht,nO603SlB__7,Vera Gerrels,vgerrelsht@edu.com,Masculino,15
adelacourhu,rD352uhjCJ!+s,Aarika Delacour,adelacourhu@edu.com,Masculino,79
cradbournhv,gY545!~FI,Cordey Radbourn,cradbournhv@edu.com,Femenino,119
hshapcotehw,fD784XAo<_..7!@,Hetty Shapcote,hshapcotehw@edu.com,Femenino,47
lmalletratthx,jF006$efmuGrD,Lenore Malletratt,lmalletratthx@edu.com,Femenino,125
jpeckhamhy,dZ984}%h##_,Judith Peckham,jpeckhamhy@edu.com,Masculino,47
aiacobettohz,uF679M9GaRAt95H,Adrianne Iacobetto,aiacobettohz@edu.com,Masculino,71
tcockaymei0,tP837.ymV'a,Tommy Cockayme,tcockaymei0@edu.com,Femenino,45
"hstephensoni1,""rH647h5>w34""""|wn"",Harmony Stephenson,hstephensoni1@edu.com,Masculino,83"
"nbaudessoni2,""kG675,Ikl8j$k"",Nichole Baudesson,nbaudessoni2@edu.com,Femenino,90"
aarkilli3,kE913`b+ZqT}S,Alain Arkill,aarkilli3@edu.com,Masculino,6
lvermani4,pF784FXoZ,Lorilyn Verman,lvermani4@edu.com,Femenino,29
amcconaghyi5,lA179zNK?.,Arlen McConaghy,amcconaghyi5@edu.com,Femenino,107
crickabyi6,zT226Acd=(q,Claribel Rickaby,crickabyi6@edu.com,Femenino,90
"tfenneri7,""xW311""""No"",Tucky Fenner,tfenneri7@edu.com,Femenino,27"
mdoodneyi8,tD633ybB,Mar Doodney,mdoodneyi8@edu.com,Masculino,25
"draymeni9,""lD953%n07o""""d"",Delphine Raymen,draymeni9@edu.com,Femenino,134"
earensia,oM926k#Q@$aOar,Ebba Arens,earensia@edu.com,Masculino,60
kfollowsib,tN9262PJB_jg7bQy,Kenny Follows,kfollowsib@edu.com,Femenino,109
stackeric,jT773qBgyh+e@,Sam Tacker,stackeric@edu.com,Masculino,3
ffeldbergid,qT963AL5V&&rP\eN,Felecia Feldberg,ffeldbergid@edu.com,Masculino,74
cpembryie,xM33297we?ht#*a8,Claudell Pembry,cpembryie@edu.com,Femenino,33
lposerif,iR677$'07?E~}L8,Lorry Poser,lposerif@edu.com,Masculino,113
mwyllcockig,aY116TmBqJ(@ddd,Marjory Wyllcock,mwyllcockig@edu.com,Masculino,144
sjagoeih,rC959bM'Zp,Sydney Jagoe,sjagoeih@edu.com,Masculino,109
plonderii,oQ7045JEK`9RbnX,Pinchas Londer,plonderii@edu.com,Femenino,28
rkoppkeij,jI233?pP,Reinald Koppke,rkoppkeij@edu.com,Masculino,130
abartoszewiczik,eL040i{kfDx~B},Aundrea Bartoszewicz,abartoszewiczik@edu.com,Masculino,131
mbrockestil,gL468YP/xGW<o,Marla Brockest,mbrockestil@edu.com,Femenino,89
asummerillim,mS182{5(W'gC,Agna Summerill,asummerillim@edu.com,Masculino,5
mlowthin,vW578OpSSM,Minna Lowth,mlowthin@edu.com,Femenino,122
"gdaillyio,""fT210\r""""Vz1F$?"",Grayce Dailly,gdaillyio@edu.com,Masculino,103"
egarnhamip,gA018>ae~,Edwin Garnham,egarnhamip@edu.com,Femenino,111
dshaughnessyiq,vA657SbRB~QT>Od<,Daphene Shaughnessy,dshaughnessyiq@edu.com,Femenino,99
vmalthouseir,cU634\PO$mMK@Fx,Valdemar Malthouse,vmalthouseir@edu.com,Femenino,17
dbethuneis,eN582`b1/by\$$,Dacie Bethune,dbethuneis@edu.com,Femenino,76
"awimbushit,""wE716<GK""""NDw6"",Arleta Wimbush,awimbushit@edu.com,Masculino,99"
ccrowderiu,gK800CFBH,Christen Crowder,ccrowderiu@edu.com,Femenino,13
qbainiv,bB832ld+jO,Quintana Bain,qbainiv@edu.com,Femenino,20
jlanghamiw,wR672>/5rb46,Jefferey Langham,jlanghamiw@edu.com,Masculino,9
echavesix,tI974YB0,Elmira Chaves,echavesix@edu.com,Femenino,29
emurraiy,yO9160tjM)(KIkQ,Effie Murra,emurraiy@edu.com,Masculino,109
hmcsweeneyiz,kV606`cQL,Haskel McSweeney,hmcsweeneyiz@edu.com,Masculino,77
wbernotj0,tE867Lopu.dFqYG,Willy Bernot,wbernotj0@edu.com,Femenino,110
eklimasj1,zC707l{b',Ernesto Klimas,eklimasj1@edu.com,Masculino,16
fpetkensj2,rM0470`IK({`TX,Florencia Petkens,fpetkensj2@edu.com,Masculino,88
"blamprechtj3,""oG463""""qEc_TI!a02"",Brita Lamprecht,blamprechtj3@edu.com,Femenino,144"
cleamonj4,jK319aht.0b,Cassaundra Leamon,cleamonj4@edu.com,Masculino,83
osaphj5,jZ807(<w,Ollie Saph,osaphj5@edu.com,Femenino,58
ahodjettsj6,sD707zfo23P#,Aymer Hodjetts,ahodjettsj6@edu.com,Femenino,52
rgambrellj7,kK924f?vr_EBek9,Read Gambrell,rgambrellj7@edu.com,Masculino,88
"lfarrynj8,""sS232'Ws,L"",Lizzy Farryn,lfarrynj8@edu.com,Femenino,112"
hzuenellij9,qX511Bu$R8i<}a,Hernando Zuenelli,hzuenellij9@edu.com,Femenino,7
clewzeyja,nE244U}&@1*&I(N,Chanda Lewzey,clewzeyja@edu.com,Femenino,42
terikjb,hA783|QJ*,Tomasina Erik,terikjb@edu.com,Masculino,113
agolbournjc,vI828o&hV1,Alexine Golbourn,agolbournjc@edu.com,Masculino,36
hpetrovjd,lW574o`zXA,Hogan Petrov,hpetrovjd@edu.com,Femenino,114
jcrookallje,bJ810w5K7&Ms,Jennine Crookall,jcrookallje@edu.com,Femenino,85
egreasleyjf,yU644H8*z,Erina Greasley,egreasleyjf@edu.com,Masculino,119
swroughtonjg,tU740k|VTilSh*s,Susie Wroughton,swroughtonjg@edu.com,Masculino,4
ccoopmanjh,eB2067!9d}YS6,Chrisy Coopman,ccoopmanjh@edu.com,Masculino,42
"rmorewoodji,""tE035GG,WraRC3"",Rollins Morewood,rmorewoodji@edu.com,Femenino,77"
nnotleyjj,vH813hOwE,Nona Notley,nnotleyjj@edu.com,Masculino,86
xbentjensjk,mH374|1rRs,Xena Bentjens,xbentjensjk@edu.com,Masculino,7
"redgleyjl,""kH698Y{|pJ),"",Rob Edgley,redgleyjl@edu.com,Masculino,6"
elawjm,bS903|+X,Englebert Law,elawjm@edu.com,Masculino,69
"isydryjn,""qY269mS$Q""""V"",Ilysa Sydry,isydryjn@edu.com,Femenino,77"
mstiegersjo,oC011nlySZ!r~&v,Marie-ann Stiegers,mstiegersjo@edu.com,Femenino,119
lsnipejp,dJ708e3I,Luciano Snipe,lsnipejp@edu.com,Masculino,76
ahorningjq,pH816s9iK,Aurilia Horning,ahorningjq@edu.com,Femenino,110
qtattersjr,eE945dmX\wcQ`,Quintin Tatters,qtattersjr@edu.com,Femenino,123
"nbrabenjs,""jL135{@pd8,,e6"",Nissie Braben,nbrabenjs@edu.com,Masculino,82"
hjarmainejt,yN211Kf'ZP1Aps,Herta Jarmaine,hjarmainejt@edu.com,Femenino,119
bsawdenju,cJ908?sPgw>ks,Bonny Sawden,bsawdenju@edu.com,Masculino,109
hellenjv,fN778B@xLF,Helga Ellen,hellenjv@edu.com,Femenino,79
hwhitbyjw,fE074hDO,Hilde Whitby,hwhitbyjw@edu.com,Masculino,23
handrollijx,sE542#kKAvYJr,Hillyer Androlli,handrollijx@edu.com,Femenino,45
dnewberyjy,rD889TZmt8h/'fe,Dania Newbery,dnewberyjy@edu.com,Femenino,74
"jarmfieldjz,""wN002pAC""""\gX~9E"",Jens Armfield,jarmfieldjz@edu.com,Femenino,87"
whumpherstonk0,pN645$?%DN,Worth Humpherston,whumpherstonk0@edu.com,Masculino,60
aswalek1,bA113L#{8Xgpq,Arther Swale,aswalek1@edu.com,Femenino,49
wsherrellk2,bJ610__I1g~>U,Winfred Sherrell,wsherrellk2@edu.com,Masculino,101
hhalshawk3,iP974P1\,Helen Halshaw,hhalshawk3@edu.com,Masculino,125
kspinettik4,vS987Bh9,Koren Spinetti,kspinettik4@edu.com,Masculino,143
"tsydryk5,""rA379lr,Q"",Terrijo Sydry,tsydryk5@edu.com,Femenino,75"
"lhuggonsk6,""bT384KD,4F"",Lyndell Huggons,lhuggonsk6@edu.com,Masculino,10"
dtoderinik7,qU5936(CW074,Dee Toderini,dtoderinik7@edu.com,Masculino,65
"wtenantk8,""vH1983'C(0'W,||>"",Wenda Tenant,wtenantk8@edu.com,Masculino,112"
"mstittk9,""pQ693""""+FHuL3RL"",Mavra Stitt,mstittk9@edu.com,Masculino,61"
smenaulka,dU768vQI.,Stephenie Menaul,smenaulka@edu.com,Femenino,139
mcrunkhurnkb,hG937x/9WeJc1<,Matty Crunkhurn,mcrunkhurnkb@edu.com,Masculino,129
hhellinkc,jM269~JWu\k<I,Honey Hellin,hhellinkc@edu.com,Femenino,72
mspencerskd,hR386`pAUyzk=,Malissia Spencers,mspencerskd@edu.com,Masculino,132
rbrounfieldke,xM323vehA{,Renault Brounfield,rbrounfieldke@edu.com,Masculino,103
wjiranekkf,wN507Wzp\oOCY,Wallas Jiranek,wjiranekkf@edu.com,Masculino,86
ehardikg,vH586\c1++{b3BjP,Edwina Hardi,ehardikg@edu.com,Masculino,36
sellerbykh,vQ845bWsy,Sumner Ellerby,sellerbykh@edu.com,Femenino,61
idarkoki,pO599oqf,Isacco Darko,idarkoki@edu.com,Femenino,29
lscrowsonkj,eT777xtW>_&|<u!x,Linell Scrowson,lscrowsonkj@edu.com,Femenino,118
zcontikk,xZ767=j/4ec,Zeb Conti,zcontikk@edu.com,Masculino,27
mswetlandkl,qQ875J23?V,Marna Swetland,mswetlandkl@edu.com,Masculino,124
"mhaskeykm,""iM393,'Ni"",Mandy Haskey,mhaskeykm@edu.com,Masculino,106"
fcolefordkn,qI617G+axyx,Flo Coleford,fcolefordkn@edu.com,Femenino,39
"ktreesko,""dV603jf.<""""n$5"",Kyle Trees,ktreesko@edu.com,Femenino,20"
medgerleykp,aO522t2kh*,Margi Edgerley,medgerleykp@edu.com,Masculino,99
dharpinkq,eV787oCK,Dillon Harpin,dharpinkq@edu.com,Masculino,132
bpavlenkokr,kJ575'v_zm,Beverly Pavlenko,bpavlenkokr@edu.com,Masculino,17
ihambidgeks,mZ423e>D<,Issy Hambidge,ihambidgeks@edu.com,Masculino,109
hgiggkt,jV337KvUdJnFxu6,Harlen Gigg,hgiggkt@edu.com,Masculino,59
ccardeku,jV4415.T,Carter Carde,ccardeku@edu.com,Femenino,19
weadingtonkv,aM914x'wA%g,Westley Eadington,weadingtonkv@edu.com,Masculino,62
jscaplehornkw,uI453Qa`0,John Scaplehorn,jscaplehornkw@edu.com,Masculino,81
jbaldinikx,jS788X`a,Juieta Baldini,jbaldinikx@edu.com,Femenino,99
tayshky,uI265W'rQd~,Tessie Aysh,tayshky@edu.com,Masculino,64
kfellonkz,tP289U_6',Karlie Fellon,kfellonkz@edu.com,Masculino,79
fbreederl0,gH610wME,Frederico Breeder,fbreederl0@edu.com,Femenino,142
emeijerl1,tB5113h2g9=,Ennis Meijer,emeijerl1@edu.com,Masculino,51
mmcquirterl2,dQ7860z2_E)BJc,Michele McQuirter,mmcquirterl2@edu.com,Femenino,32
avaldel3,eM053vu90g@xf~Z,Alfreda Valde,avaldel3@edu.com,Femenino,138
dreaml4,nY517'+N#?_5,Donall Ream,dreaml4@edu.com,Masculino,76
ggabitisl5,wB4160.P&,Gwendolen Gabitis,ggabitisl5@edu.com,Masculino,109
"mcarleyl6,""oY114ythx}""""t"",Milicent Carley,mcarleyl6@edu.com,Masculino,125"
cdaymentl7,gE209hQ)**,Car Dayment,cdaymentl7@edu.com,Femenino,68
rmcgoochl8,yR693D}X&HmtB,Rodrigo McGooch,rmcgoochl8@edu.com,Femenino,58
squadel9,bY674Uf5Y,Sebastian Quade,squadel9@edu.com,Femenino,59
"alandreanla,""bX335,fw9cJ>"",Alric Landrean,alandreanla@edu.com,Masculino,118"
bflorezlb,eI164oP},Babita Florez,bflorezlb@edu.com,Masculino,100
cburrougheslc,vA457`C},Candida Burroughes,cburrougheslc@edu.com,Femenino,75
khaleyld,tG060HqI@DG,Kip Haley,khaleyld@edu.com,Femenino,84
dwaylenle,pI585en$YbS,Dacia Waylen,dwaylenle@edu.com,Masculino,70
apeglerlf,cA47322iT0@Q%,Ardyth Pegler,apeglerlf@edu.com,Femenino,87
isintonlg,qG736=0',Ignacio Sinton,isintonlg@edu.com,Masculino,12
mpierslh,lQ458%U\WAQSr~,Maye Piers,mpierslh@edu.com,Femenino,71
mflowethli,wV982H/HZIC',Maximilian Floweth,mflowethli@edu.com,Masculino,134
lduligalllj,mD394$}2Z+,Leela Duligall,lduligalllj@edu.com,Femenino,140
mrispenlk,pR8635(|B2,Menard Rispen,mrispenlk@edu.com,Femenino,48
nwagstaffell,kQ062U`Z~}!_p3,Norby Wagstaffe,nwagstaffell@edu.com,Femenino,132
dmollisonlm,nC237'zD=bX,Dorella Mollison,dmollisonlm@edu.com,Masculino,5
kcoanln,mY243/1'GzUL8,Kahlil Coan,kcoanln@edu.com,Masculino,26
scurtonlo,dJ365`S\f*,Sutherlan Curton,scurtonlo@edu.com,Femenino,50
rhurchelp,mF703XKF{vS~Q`T,Renata Hurche,rhurchelp@edu.com,Masculino,32
hposvnerlq,cK111teA?,Husain Posvner,hposvnerlq@edu.com,Femenino,54
lhenrionotlr,oU864$Sg+bQr,Lora Henrionot,lhenrionotlr@edu.com,Femenino,70
"emournianls,""pG792Hw$'Re,"",Ethelyn Mournian,emournianls@edu.com,Femenino,98"
nrohlflt,mF635(I&)pOG0JAz,Niccolo Rohlf,nrohlflt@edu.com,Masculino,12
bpoyzerlu,yW743B~7~a5@4Pc,Bear Poyzer,bpoyzerlu@edu.com,Masculino,106
"driccardilv,""pS393NguwTEd""""9\"",Derrick Riccardi,driccardilv@edu.com,Masculino,119"
gcottemlw,jJ206v'A,Gallagher Cottem,gcottemlw@edu.com,Masculino,93
dquestedlx,lR908B11nE~Ke,Dalila Quested,dquestedlx@edu.com,Femenino,87
mtootingly,vF505tW#O&1LR,Markos Tooting,mtootingly@edu.com,Femenino,141
dcourceylz,eI100*Iw,Dukie Courcey,dcourceylz@edu.com,Masculino,9
"cbanesm0,""sE032,N{qtc0`.?r"",Cassaundra Banes,cbanesm0@edu.com,Femenino,44"
"rerringtonm1,""qL883LW""""\Y$"",Rosie Errington,rerringtonm1@edu.com,Femenino,133"
sgheorghiem2,wH368hKTtI2'N.,Sylas Gheorghie,sgheorghiem2@edu.com,Femenino,16
"bhammillm3,""xA350,Yxj"",Brandon Hammill,bhammillm3@edu.com,Femenino,44"
eorrickm4,nI640G_e#\.ft,Ebonee Orrick,eorrickm4@edu.com,Femenino,107
shiddsleym5,aK066i%rD,Sloan Hiddsley,shiddsleym5@edu.com,Masculino,128
wmaddamsm6,nS9544t&?X,Willow Maddams,wmaddamsm6@edu.com,Masculino,61
yfalksm7,yX909qh1H!9G4J(,Yolanthe Falks,yfalksm7@edu.com,Femenino,8
nwissonm8,rR627i+1Kf$),Nina Wisson,nwissonm8@edu.com,Masculino,135
dbaribalm9,rY934m1%z1Dig1sG,Danya Baribal,dbaribalm9@edu.com,Masculino,48
dhayballma,zN694DH5,Donnie Hayball,dhayballma@edu.com,Masculino,138
tsiddellmb,vM550!)31_pGn,Terrijo Siddell,tsiddellmb@edu.com,Masculino,97
cadaomc,pW514P&@,Corabel Adao,cadaomc@edu.com,Femenino,85
fsteedmanmd,tO732jVkV5,Farr Steedman,fsteedmanmd@edu.com,Femenino,103
rlinsteadme,jE896qIzXV>U4G,Roxanna Linstead,rlinsteadme@edu.com,Femenino,7
nfaustmf,rZ476Rc<T9BnU,Noellyn Faust,nfaustmf@edu.com,Masculino,66
"lelvidgemg,""hQ445J2Xy*,PM"",Lauretta Elvidge,lelvidgemg@edu.com,Masculino,95"
dperotmh,oW622tH.1dl,Dalt Perot,dperotmh@edu.com,Masculino,139
jcheziermi,eQ6561iz,Josiah Chezier,jcheziermi@edu.com,Femenino,31
klateymj,lY750q.mw67e,Kat Latey,klateymj@edu.com,Femenino,92
btayspellmk,vL760jtv7%|sV,Borg Tayspell,btayspellmk@edu.com,Femenino,40
rgoodouneml,kD379\<C`Az2lZ,Rosalynd Goodoune,rgoodouneml@edu.com,Masculino,122
cwiddowfieldmm,xK931b@~*c,Chad Widdowfield,cwiddowfieldmm@edu.com,Femenino,12
ksellackmn,xX044V.Sw,Karoline Sellack,ksellackmn@edu.com,Masculino,127
udufermo,kF059pCIt_C(9bf?,Ursa Dufer,udufermo@edu.com,Masculino,40
aviciosomp,eN870jK'w*'p,Archibald Vicioso,aviciosomp@edu.com,Masculino,43
dstoylemq,fL034V8kC=c+W,Daniele Stoyle,dstoylemq@edu.com,Femenino,56
epaulinomr,eU070yrnU,Erwin Paulino,epaulinomr@edu.com,Femenino,16
vdawsonms,cI174z#@xk,Vinni Dawson,vdawsonms@edu.com,Femenino,57
jwaddoupsmt,aI668rOKTsi,Josepha Waddoups,jwaddoupsmt@edu.com,Masculino,111
eserminmu,pL966XtL{<w,Enrichetta Sermin,eserminmu@edu.com,Masculino,50
cmartignonimv,aM923e!c=Y,Cord Martignoni,cmartignonimv@edu.com,Femenino,100
bmacpadenemw,pE2475WOKd(<,Bennett MacPadene,bmacpadenemw@edu.com,Femenino,137
gleydenmx,zV178LD6K83Q)c=,Garret Leyden,gleydenmx@edu.com,Femenino,94
fmellmermy,mT151.Gs{h,Faith Mellmer,fmellmermy@edu.com,Femenino,69
hgouldbournmz,uT780{p*\2rOB{,Harwilll Gouldbourn,hgouldbournmz@edu.com,Femenino,80
osycen0,fD602(Rl`#_Y,Olvan Syce,osycen0@edu.com,Masculino,64
olanghornn1,rZ938VcC{M,Olivia Langhorn,olanghornn1@edu.com,Femenino,137
cmuckn2,rF327WC_}*wt,Cullan Muck,cmuckn2@edu.com,Femenino,22
rmebesn3,cG156o=+yv,Rosabel Mebes,rmebesn3@edu.com,Masculino,98
vfattorinin4,aV88005dlZ(032,Valencia Fattorini,vfattorinin4@edu.com,Masculino,61
fsuddardsn5,xH233e~gy+w>}yn,Fancie Suddards,fsuddardsn5@edu.com,Masculino,101
gwinwoodn6,hL412(YN,Gwenore Winwood,gwinwoodn6@edu.com,Femenino,20
bandriollin7,rS618fJ#w),Briny Andriolli,bandriollin7@edu.com,Masculino,76
apilgramn8,rE802K!'IDo.9~8S,Amandy Pilgram,apilgramn8@edu.com,Femenino,72
"aswappn9,""gB856P,\2?"",Avie Swapp,aswappn9@edu.com,Femenino,118"
"nfloydna,""pI999%UJf""""Li8lV{"",Normie Floyd,nfloydna@edu.com,Masculino,45"
hraschnb,aS636fI'.$<3aML,Hamilton Rasch,hraschnb@edu.com,Masculino,140
cvannc,sB985?SUuzpB`X,Carmine Van der Veldt,cvannc@edu.com,Masculino,73
tdumbartonnd,wS786@M<KMlVc,Teodora Dumbarton,tdumbartonnd@edu.com,Femenino,135
"sthoumasne,""xJ326|,.a9(7g"",Sheryl Thoumas,sthoumasne@edu.com,Femenino,70"
mrekesnf,uT815t3Uy|etLHq,Marlane Rekes,mrekesnf@edu.com,Masculino,75
rsnoxillng,zR294ZCDB*gC.,Rudolfo Snoxill,rsnoxillng@edu.com,Masculino,28
"ogradynh,""nP502gYx""""\)Lkh"",Onida Grady,ogradynh@edu.com,Femenino,51"
tlazarusni,jC647ShC{X,Tybi Lazarus,tlazarusni@edu.com,Femenino,91
gmillerynj,bC2369uQ'|=e&Ky,Gwenneth Millery,gmillerynj@edu.com,Femenino,64
rverbekenk,lR776SeQ,Robena Verbeke,rverbekenk@edu.com,Femenino,36
"bsherbrooknl,""rJ453XP}Zom({,"",Bonita Sherbrook,bsherbrooknl@edu.com,Masculino,42"
gcastlesnm,iP949gfcUHM,Giuseppe Castles,gcastlesnm@edu.com,Femenino,101
aetiennenn,oG939eMDXLvS,Armin Etienne,aetiennenn@edu.com,Femenino,14
pduffieldno,sE3842A&~Ag4OS,Pamella Duffield,pduffieldno@edu.com,Masculino,80
nbricknellnp,rY125S(pjP,Nollie Bricknell,nbricknellnp@edu.com,Femenino,62
gfannnq,fW0677S4z*HW7S|o,Gayel Fann,gfannnq@edu.com,Femenino,75
eboothjarvisnr,aX921De88,Enrica Booth-Jarvis,eboothjarvisnr@edu.com,Masculino,29
ipowneyns,mG534TZD{w,Idelle Powney,ipowneyns@edu.com,Masculino,101
kpenberthynt,kJ447(m\,Kennett Penberthy,kpenberthynt@edu.com,Femenino,94
"mwebbennu,""zW505,cc+q3d*ba"",Marge Webben,mwebbennu@edu.com,Masculino,130"
nbernardinv,yJ72691l,Nance Bernardi,nbernardinv@edu.com,Femenino,30
erigebynw,uN961#3>fUumRe8,Elsinore Rigeby,erigebynw@edu.com,Masculino,133
wdorronx,jO699H0K6Q%,Willy Dorro,wdorronx@edu.com,Femenino,24
elindheny,rJ017t/Btf,Elysha Lindhe,elindheny@edu.com,Femenino,144
jlawrensonnz,vM622o.U,Josey Lawrenson,jlawrensonnz@edu.com,Femenino,37
tjosho0,oN983S{'\GbO+Y,Teodor Josh,tjosho0@edu.com,Masculino,38
oriceo1,nG005?BiXlq4r|,Orren Rice,oriceo1@edu.com,Masculino,5
mferbracheo2,qC366Y.HO7.$rx~,Myrilla Ferbrache,mferbracheo2@edu.com,Femenino,56
fmcveagho3,cP046VpY9r,Farrah McVeagh,fmcveagho3@edu.com,Masculino,138
mdio4,eF902G0H,Myrtice Di Claudio,mdio4@edu.com,Masculino,29
"mbloomano5,""uC035,+gZ)=I0"",Marijo Blooman,mbloomano5@edu.com,Masculino,35"
sberteleto6,xL407wB43?S81Ft7,Suzy Bertelet,sberteleto6@edu.com,Masculino,79
rdanilyuko7,iE884JWo77fIaJ,Riccardo Danilyuk,rdanilyuko7@edu.com,Masculino,9
cabrahamo8,sE492A\*nnZ>kRF,Chad Abraham,cabrahamo8@edu.com,Masculino,38
"odeo9,""dV716t,Mqz'qKF"",Oberon de Tocqueville,odeo9@edu.com,Femenino,23"
thuntlyoa,gQ067gCXUW@b7h?0,Teddi Huntly,thuntlyoa@edu.com,Femenino,12
lstentifordob,hY599V2AN?,Lyn Stentiford,lstentifordob@edu.com,Femenino,108
esimpoleoc,hC9636o.zB/AL</,Emilee Simpole,esimpoleoc@edu.com,Femenino,137
"rpammentod,""uT710&,anwR_Do"",Ram Pamment,rpammentod@edu.com,Femenino,18"
ntreskeoe,iR070Eg)V@wk>#dz,Noble Treske,ntreskeoe@edu.com,Femenino,120
bkinetonof,fU581.3exMTh|~VU,Berna Kineton,bkinetonof@edu.com,Masculino,107
"mcornelisseog,""uV226""""o3Y<B5"",Marlie Cornelisse,mcornelisseog@edu.com,Femenino,128"
balneroh,sN551&De_+q,Birgitta Alner,balneroh@edu.com,Masculino,127
"mcooksonoi,""aJ532,,Y~"",Monte Cookson,mcooksonoi@edu.com,Femenino,28"
sselburnoj,zM334hT`gn\M,Skip Selburn,sselburnoj@edu.com,Femenino,94
"gsemeredok,""pI158N?,lB|4YQy#"",Gizela Semered,gsemeredok@edu.com,Masculino,79"
"bupcraftol,""hE614,E73G!Rwp"",Bev Upcraft,bupcraftol@edu.com,Masculino,117"
lmuckartom,wD397GxboL\43d,Laughton Muckart,lmuckartom@edu.com,Masculino,40
cscallanon,wU463s8A8jA3'=<b,Conway Scallan,cscallanon@edu.com,Femenino,23
tsyvretoo,zB867*Alp,Tyson Syvret,tsyvretoo@edu.com,Masculino,63
lmordueop,nP752vwi4r,Laura Mordue,lmordueop@edu.com,Femenino,112
ymcguinessoq,eZ596o7+xWtgFI`9,Yasmin McGuiness,ymcguinessoq@edu.com,Masculino,138
lbeddoesor,rL289MP_fQtetU,Leeanne Beddoes,lbeddoesor@edu.com,Masculino,36
cpeytoos,oI114w2J))yb4)1!,Cal Peyto,cpeytoos@edu.com,Masculino,125
"acaveillot,""wF392Vz,7%"",Adolpho Caveill,acaveillot@edu.com,Masculino,10"
apettigreeou,dP838C_>ir7I!,Andie Pettigree,apettigreeou@edu.com,Femenino,96
bthunderchiefov,dE895&jZ\,Boote Thunderchief,bthunderchiefov@edu.com,Femenino,108
bsantryow,hX254|U~J,Bartholomeo Santry,bsantryow@edu.com,Masculino,140
rlopesox,uW232|MmxH,Rip Lopes,rlopesox@edu.com,Masculino,5
ebeedonoy,dP090mBiSv},Enid Beedon,ebeedonoy@edu.com,Masculino,128
"sstoreyoz,""kO4902y+oi""""BAd"",Sky Storey,sstoreyoz@edu.com,Femenino,99"
nubankp0,wJ496(W|Ez?<51N,Neron Ubank,nubankp0@edu.com,Femenino,26
brazzellp1,xO956){VmA1&nJq,Brook Razzell,brazzellp1@edu.com,Masculino,141
iwoodwardp2,kJ552MaVe06M,Issi Woodward,iwoodwardp2@edu.com,Femenino,23
kgrovep3,uG516U5m,Kathryn Grove,kgrovep3@edu.com,Femenino,113
cjeynesp4,uL198g(<M,Cristie Jeynes,cjeynesp4@edu.com,Masculino,20
ospurdlep5,gY626BT_3T3V,Odell Spurdle,ospurdlep5@edu.com,Masculino,111
"lmcgarvap6,""tW908uf<nhc,2"",Lyndsay McGarva,lmcgarvap6@edu.com,Femenino,96"
"elegendrep7,""pF683ZX""""#s"",Englebert Legendre,elegendrep7@edu.com,Femenino,34"
mharcarsep8,oM463PKxq,Michelle Harcarse,mharcarsep8@edu.com,Femenino,47
lzecchinellip9,cK192M~A%J,Lev Zecchinelli,lzecchinellip9@edu.com,Masculino,14
dtindlepa,cK702i62_Xw,Dorry Tindle,dtindlepa@edu.com,Femenino,108
qgreggpb,iH301(%BX'Ax#sR),Querida Gregg,qgreggpb@edu.com,Femenino,25
cslightpc,xY674/!|,Codie Slight,cslightpc@edu.com,Masculino,20
ftwortpd,zD222><(T}$v,Florenza Twort,ftwortpd@edu.com,Femenino,122
"bjewesspe,""nB749YAzf',HvwjT"",Barrie Jewess,bjewesspe@edu.com,Masculino,26"
kjaimepf,sS454g!m1q4,Kippie Jaime,kjaimepf@edu.com,Masculino,109
rrontschpg,fV825CYG+ODGz,Rowan Rontsch,rrontschpg@edu.com,Masculino,104
tmoldph,tE4431e?5),Tiffy Mold,tmoldph@edu.com,Femenino,14
cgiblingpi,gO9132>HD?r=s,Christoph Gibling,cgiblingpi@edu.com,Femenino,138
efontanetpj,dZ767RbK6\r,Erda Fontanet,efontanetpj@edu.com,Masculino,74
"eseemmondspk,""xI699ZZ""""'BI&"",Emilia Seemmonds,eseemmondspk@edu.com,Masculino,119"
apettypl,mJ4866`)7V,Angus Petty,apettypl@edu.com,Masculino,22
vmalatalantpm,iG387I!8\.,Vanessa Malatalant,vmalatalantpm@edu.com,Femenino,70
fkenforthpn,oH857MVK\yOGSBPy,Frances Kenforth,fkenforthpn@edu.com,Masculino,99
ahughspo,aC6116_35_/WV,Austina Hughs,ahughspo@edu.com,Femenino,86
aeschalettepp,dA737Do26(y79B,Annmaria Eschalette,aeschalettepp@edu.com,Masculino,8
tbougheypq,wP577$#Ul89,Tessie Boughey,tbougheypq@edu.com,Masculino,81
wcalderpr,pG5021Gg,Winn Calder,wcalderpr@edu.com,Masculino,46
rwaitingps,iP074jJ<BS7,Ritchie Waiting,rwaitingps@edu.com,Femenino,116
cbrownhillpt,iQ766$wjv$_)X.T,Charlotta Brownhill,cbrownhillpt@edu.com,Masculino,7
eforsydepu,wW186?L`8k+`3,Erin Forsyde,eforsydepu@edu.com,Femenino,93
pcarcaspv,rM030O_7@k!8,Prinz Carcas,pcarcaspv@edu.com,Masculino,62
abrooksbypw,sK051t4.,Ahmed Brooksby,abrooksbypw@edu.com,Masculino,122
ccammidgepx,kJ161=4@sW~E~>,Correy Cammidge,ccammidgepx@edu.com,Femenino,3
lfrancesconipy,qX925#83gly,Lind Francesconi,lfrancesconipy@edu.com,Masculino,45
iliklypz,eM956v\5Faz,Iona Likly,iliklypz@edu.com,Masculino,132
feakenq0,pZ950/5z~rw,Faunie Eaken,feakenq0@edu.com,Masculino,130
scabraraq1,dF606do7KxQ(p,Sophi Cabrara,scabraraq1@edu.com,Femenino,60
lbascombeq2,xX910@wZb9,Leonore Bascombe,lbascombeq2@edu.com,Masculino,42
syegorkinq3,aZ781lXmMs,Salomone Yegorkin,syegorkinq3@edu.com,Masculino,25
jcortonq4,aZ493Pp2,Jacquelyn Corton,jcortonq4@edu.com,Femenino,37
vgiraldonq5,pP158&{(c>n$}Lr,Victoria Giraldon,vgiraldonq5@edu.com,Masculino,11
blaceq6,pB273LNH9(,Brande Lace,blaceq6@edu.com,Masculino,101
zsarfattiq7,aK531VcVm,Zabrina Sarfatti,zsarfattiq7@edu.com,Masculino,111
mfockesq8,cU917CSk!AN,Mar Fockes,mfockesq8@edu.com,Masculino,85
nmashamq9,cA299IE@~~$2XD86,Nettle Masham,nmashamq9@edu.com,Masculino,59
agillmorqa,eG614zXKB,Anne-marie Gillmor,agillmorqa@edu.com,Femenino,84
jrichardssonqb,aE671KDOs@,Jenelle Richardsson,jrichardssonqb@edu.com,Masculino,9
klukesqc,xX487eQYdo1,Karilynn Lukes,klukesqc@edu.com,Femenino,39
aguilderqd,wO785H{H%hf*lG,Alejandro Guilder,aguilderqd@edu.com,Masculino,141
pairtonqe,lZ074A3+lvU%@1Y6,Putnam Airton,pairtonqe@edu.com,Masculino,135
eledfordqf,oK257Y@Lt,Erika Ledford,eledfordqf@edu.com,Masculino,97
tabysqg,hM9526egsBR,Tova Abys,tabysqg@edu.com,Femenino,68
imulcockqh,rJ352=6MTcO+r3)*,Ivette Mulcock,imulcockqh@edu.com,Masculino,45
mguddqi,oU935q68|l,Morgen Gudd,mguddqi@edu.com,Masculino,77
dmatijasevicqj,xG591kwQx5IF,Dory Matijasevic,dmatijasevicqj@edu.com,Femenino,8
inuschaqk,pW399HAo?U%~X,Isa Nuscha,inuschaqk@edu.com,Femenino,48
"istiffellql,""xI719c'}|SFq4a,"",Ingar Stiffell,istiffellql@edu.com,Masculino,82"
crichardsonqm,jP839JlZj%WR`(,Cherye Richardson,crichardsonqm@edu.com,Masculino,13
lscuphamqn,uO501d9Te&,Lefty Scupham,lscuphamqn@edu.com,Femenino,133
abarkeqo,fE0927Jz*,Antin Barke,abarkeqo@edu.com,Femenino,125
"mhallihaneqp,""gM665>EmOU,P,~"",Marline Hallihane,mhallihaneqp@edu.com,Femenino,135"
bsmallridgeqq,lR469Bxf5%t)n8,Berta Smallridge,bsmallridgeqq@edu.com,Femenino,3
bsinnieqr,aN129Eb1FG9,Babs Sinnie,bsinnieqr@edu.com,Masculino,114
"scroisdallqs,""zK794,S)|a!8r5"",Sophia Croisdall,scroisdallqs@edu.com,Masculino,55"
"koheagertieqt,""bM083{UW%""""W'EGtx"",Katusha O'Heagertie,koheagertieqt@edu.com,Masculino,101"
bjackqu,qH465ZVU,Brok Jack,bjackqu@edu.com,Masculino,138
vcornewellqv,qK660(pZ|,Vita Cornewell,vcornewellqv@edu.com,Masculino,3
mchansonneqw,uL886AD2Q~By*xYS,Melisa Chansonne,mchansonneqw@edu.com,Femenino,97
jcaressqx,vB959j%tA=!$ww,Jackson Caress,jcaressqx@edu.com,Femenino,124
mvanqy,rA488FoH,Margery Van Leeuwen,mvanqy@edu.com,Femenino,36
lguisbyqz,kR380dIw,Leighton Guisby,lguisbyqz@edu.com,Masculino,54
ahulser0,nO774RCYpq&Nx,Alissa Hulse,ahulser0@edu.com,Femenino,54
bkubickir1,tK614F`J6!/JKBcU,Brenna Kubicki,bkubickir1@edu.com,Femenino,72
gcawleyr2,eS188OgXm0(7u/,Grethel Cawley,gcawleyr2@edu.com,Masculino,115
ebluesr3,kM187sJdq(,Eachelle Blues,ebluesr3@edu.com,Femenino,93
"emcgilvrayr4,""zL424b+7vC,%l~"",Earle McGilvray,emcgilvrayr4@edu.com,Masculino,121"
disacssonr5,qA056'N?eBQtY,Dore Isacsson,disacssonr5@edu.com,Masculino,8
smorstattr6,cM891v1x)KX,Sargent Morstatt,smorstattr6@edu.com,Masculino,56
kikinr7,eO880dxRd3m1b(|,Karmen Ikin,kikinr7@edu.com,Femenino,66
lcasettar8,lE428/8yN?,Lezley Casetta,lcasettar8@edu.com,Femenino,102
"rrowthr9,""zC532+""""9"",Reynold Rowth,rrowthr9@edu.com,Masculino,39"
"gmcnalleyra,""nE240e,4?%?V"",Georgina McNalley,gmcnalleyra@edu.com,Femenino,123"
ehenburyrb,fC815QL+vC0e,Eugenia Henbury,ehenburyrb@edu.com,Masculino,91
cdovydenasrc,nD386z%I1sz,Collie Dovydenas,cdovydenasrc@edu.com,Masculino,77
douslemrd,oR809PitXhVT/eN,Dela Ouslem,douslemrd@edu.com,Masculino,13
mbuswellre,tR716j.\,Monti Buswell,mbuswellre@edu.com,Femenino,118
nkaasmanrf,gY273ZtUJ,Nollie Kaasman,nkaasmanrf@edu.com,Femenino,141
lewartrg,cH391/Y|,Livvyy Ewart,lewartrg@edu.com,Masculino,103
bfaltinrh,kM992LOI,Bobina Faltin,bfaltinrh@edu.com,Femenino,21
dcouttsri,gG6991.M1ooW',Danila Coutts,dcouttsri@edu.com,Femenino,57
gstaversrj,qK446/BDo,Gale Stavers,gstaversrj@edu.com,Femenino,95
nbithanyrk,eZ660uWq,Nappie Bithany,nbithanyrk@edu.com,Masculino,87
drentollrl,dE4942>ucqn7}',Devi Rentoll,drentollrl@edu.com,Masculino,49
telcumrm,tD538nPVO,Tedi Elcum,telcumrm@edu.com,Masculino,28
bbarnshawrn,qQ67414{,Brena Barnshaw,bbarnshawrn@edu.com,Masculino,65
drisebrowro,xW773w?@i}5xr,Diana Risebrow,drisebrowro@edu.com,Femenino,19
rdomelawrp,xB8171A<+B%@46H,Ruby Domelaw,rdomelawrp@edu.com,Femenino,101
mhallanrq,nH789Akp~pk,Marjory Hallan,mhallanrq@edu.com,Masculino,6
"twerndlyrr,""mI731b|<vee,4"",Towney Werndly,twerndlyrr@edu.com,Masculino,80"
