usuario,contrasena,nombre,correo,ultimoGradoDeFormacion;
vwinterbourne0,wO080.=&&8vOU@xa,Vinni Winterbourne,error: Field 'this' not found,Especializazcion;
kvamplers1,oK352VH1Mn,Kaitlyn Vamplers,error: Field 'this' not found,Doctorado;
sbrekonridge2,lT968p8?,Silvanus Brekonridge,error: Field 'this' not found,Pregrado;
hdundon3,sE884'<N=z~1y|,Hanni Dundon,error: Field 'this' not found,Especializazcion;
bpatience4,sV049|h.,Blanche Patience,error: Field 'this' not found,Doctorado;
gsarfass5,fR106!)|995,Gae Sarfass,error: Field 'this' not found,Especializazcion;
ldyerson6,qC0170`9,Llewellyn Dyerson,error: Field 'this' not found,Doctorado;
ipatshull7,yW257MaK`ds+O`C`,Ilaire Patshull,error: Field 'this' not found,Doctorado;
"bwestby8,""aK116NCuF+D,Bj"",Bianka Westby,error: Field 'this' not found,Maestria";
amalshinger9,jP573|xN).m+J*F,Aylmar Malshinger,error: Field 'this' not found,Maestria;
dlawiea,nW488Jmhx~v0+G,Dillon Lawie,error: Field 'this' not found,Maestria;
kmarstonb,dD475YrOM=pB=o1b,Kaela Marston,error: Field 'this' not found,Bachiller;
bmarushakc,qJ029cDTt}ZmVn,Bernette Marushak,error: Field 'this' not found,Pregrado;
fkemd,vT168AE?,Fidelity Kem,error: Field 'this' not found,Especializazcion;
"vbloome,""hG893n,%CFcN"",Valeda Bloom,error: Field 'this' not found,Doctorado";
sscattergoodf,bH603`&Z$u?p1,Skipp Scattergood,error: Field 'this' not found,Doctorado;
ldabnotg,kI727=svy~#Eyb,Langston Dabnot,error: Field 'this' not found,Especializazcion;
brolandh,cF770/4dfqY6i,Beulah Roland,error: Field 'this' not found,Pregrado;
abootei,eQ108<U4|At,Agnese Boote,error: Field 'this' not found,Bachiller;
"gscrinej,""pT593PXy*)7t""""q\"",Gabriela Scrine,error: Field 'this' not found,Maestria";
"mlargentk,""cI911uw6Mrs,Xg63"",Maurise L'argent,error: Field 'this' not found,Doctorado";
atrimmel,oT2389WWM,Arlinda Trimme,error: Field 'this' not found,Pregrado;
"obastonm,""cS994""""@Yd'bQv"",Omar Baston,error: Field 'this' not found,Especializazcion";
"xdarchn,""fY640Kj,NUnxR"",Xylina Darch,error: Field 'this' not found,Doctorado";
abrouneo,iP350Sw|vb5z+}i,Aeriel Broune,error: Field 'this' not found,Maestria;
"tgarthsidep,""xH329Bz,P"",Thelma Garthside,error: Field 'this' not found,Especializazcion";
agashionq,xK692TE0Yf?@hLE2,Adiana Gashion,error: Field 'this' not found,Especializazcion;
"kgallimorer,""qM588u""""*tX2"",Konstantine Gallimore,error: Field 'this' not found,Doctorado";
atithers,lL2506&b|}?,Andrew Tither,error: Field 'this' not found,Doctorado;
"cgrigoriant,""zW504<b,jH!#Ko"",Cello Grigorian,error: Field 'this' not found,Maestria";
ademangelu,eL126I)R*,Araldo Demangel,error: Field 'this' not found,Pregrado;
cmclaughlanv,fE232u*Ni,Creight McLaughlan,error: Field 'this' not found,Pregrado;
sjanczewskiw,pK249!@uED_/,Sullivan Janczewski,error: Field 'this' not found,Doctorado;
whandscombx,pD295xI5,Wendi Handscomb,error: Field 'this' not found,Especializazcion;
rpeachery,rU079+1qp>rt,Ramona Peacher,error: Field 'this' not found,Especializazcion;
mbohmanz,zL450$'_oHOjr3%_,Mariska Bohman,error: Field 'this' not found,Pregrado;
iwoodus10,vZ481DHs,Irvin Woodus,error: Field 'this' not found,Maestria;
spoytres11,gG838A#9,Stephana Poytres,error: Field 'this' not found,Pregrado;
wmatthensen12,zB239i<XS`D9f#,Wandis Matthensen,error: Field 'this' not found,Doctorado;
sreihill13,fH479&\yKlF'TmP,Sig Reihill,error: Field 'this' not found,Bachiller;
mlehrer14,gS44413iUO,Marinna Lehrer,error: Field 'this' not found,Especializazcion;
mbowman15,sG704MJV,Marylou Bowman,error: Field 'this' not found,Pregrado;
"badlard16,""rQ357@,f67E"",Boigie Adlard,error: Field 'this' not found,Doctorado";
mohogertie17,jT844OZlAT#HU,Mauricio O'Hogertie,error: Field 'this' not found,Maestria;
aancliffe18,iF219t&Q,Allissa Ancliffe,error: Field 'this' not found,Doctorado;
"cmangam19,""xQ709Qv""""2\Fa\"",Carolyne Mangam,error: Field 'this' not found,Especializazcion";
edoogan1a,yP408CBin`ei,Emerson Doogan,error: Field 'this' not found,Pregrado;
bsallier1b,uU165puAy*,Boothe Sallier,error: Field 'this' not found,Especializazcion;
flower1c,fE3413VSFz'5S?,Flss Lower,error: Field 'this' not found,Maestria;
"alettuce1d,""xN845SP.x""""f<"",Ainslee Lettuce,error: Field 'this' not found,Doctorado";
mcanon1e,oZ990$_J,Myrlene Canon,error: Field 'this' not found,Bachiller;
lpeert1f,uI242d3a,Lilah Peert,error: Field 'this' not found,Bachiller;
pclucas1g,uD967={CA{cdGV,Petrina Clucas,error: Field 'this' not found,Doctorado;
bcrowcum1h,wM586D<3<|Fv,Barbette Crowcum,error: Field 'this' not found,Maestria;
eadie1i,vG830l`I,Eveline Adie,error: Field 'this' not found,Bachiller;
cbeachamp1j,oC278/YVO)C|,Clerissa Beachamp,error: Field 'this' not found,Pregrado;
kswaite1k,iW171Y_I)TLvH,Krissy Swaite,error: Field 'this' not found,Pregrado;
erider1l,eB7633Ddwk,Eugenie Rider,error: Field 'this' not found,Especializazcion;
jtoor1m,iZ193X!M4,Jennine Toor,error: Field 'this' not found,Bachiller;
"rreynault1n,""dD552""""MFb+qar"",Ruthanne Reynault,error: Field 'this' not found,Bachiller";
cscarfe1o,xC946aW/fd<)&,Chiquita Scarfe,error: Field 'this' not found,Doctorado;
igronowe1p,bW044$hr5&l+Jt,Issi Gronowe,error: Field 'this' not found,Bachiller;
vkenny1q,mC026QQm%W+RRfrk,Valina Kenny,error: Field 'this' not found,Pregrado;
mbaskerville1r,fJ547QQq4f,Margit Baskerville,error: Field 'this' not found,Pregrado;
gseacroft1s,fJ671=y~F`nCPqq,Gabie Seacroft,error: Field 'this' not found,Bachiller;
nburle1t,tA553n4eF/%,Noella Burle,error: Field 'this' not found,Pregrado;
rhallagan1u,wB996biX|/u2CQk,Rea Hallagan,error: Field 'this' not found,Doctorado;
eiglesiaz1v,kN476Ruz,Erik Iglesiaz,error: Field 'this' not found,Bachiller;
abraithwaite1w,oM385m3o%*&,Arlyn Braithwaite,error: Field 'this' not found,Especializazcion;
smathen1x,kM489XuH?}O(Tu>#,Sylvan Mathen,error: Field 'this' not found,Maestria;
wdelacourt1y,xA9103_ftepMmHMO,Wyatan Delacourt,error: Field 'this' not found,Especializazcion;
apawelec1z,mR456Apz{,Ashla Pawelec,error: Field 'this' not found,Especializazcion;
ldowry20,qM881A#Y\,L;urette Dowry,error: Field 'this' not found,Doctorado
gleyninye21,oI007Cl>V,Grantham Leyninye,error: Field 'this' not found,Maestria;
wdumberrill22,zY441C0Wp%4D,Wright Dumberrill,error: Field 'this' not found,Pregrado;
rseymour23,aW038&2Lz,Raynor Seymour,error: Field 'this' not found,Bachiller;
dmatveyev24,yK5094?|6NeHv$<,Dermot Matveyev,error: Field 'this' not found,Bachiller;
hhartness25,hD213YZ07Ogk7u,Hieronymus Hartness,error: Field 'this' not found,Pregrado;
"peasman26,""fR635m9z""""(I+HyY"",Pen Easman,error: Field 'this' not found,Doctorado";
jkipling27,kS117u\jDr%_ELS,Jack Kipling,error: Field 'this' not found,Bachiller;
frichings28,vP725*D`%Z>7&(iV,Filbert Richings,error: Field 'this' not found,Bachiller;
fstoffels29,gT499(W#peq&_Hu,Franklyn Stoffels,error: Field 'this' not found,Pregrado;
bmaccaghan2a,hW053Ca),Bryn MacCaghan,error: Field 'this' not found,Bachiller;
ctreadgear2b,cH331Z5t'j>qPGS0,Celisse Treadgear,error: Field 'this' not found,Pregrado;
rtarry2c,iR734b84b2m,Roselle Tarry,error: Field 'this' not found,Pregrado;
wbaggarley2d,vM421\j#9I,Wren Baggarley,error: Field 'this' not found,Maestria;
dcolmer2e,oF7356>(,Darbie Colmer,error: Field 'this' not found,Maestria;
sammer2f,dU650k$#3UB#i8YD,Shellysheldon Ammer,error: Field 'this' not found,Doctorado;
ndavis2g,nH423dEaL0+,Neill Davis,error: Field 'this' not found,Doctorado;
sironmonger2h,fD921dYk)UI%,Selle Ironmonger,error: Field 'this' not found,Doctorado;
iluker2i,fD079?D)Rb,Isa Luker,error: Field 'this' not found,Maestria;
gphizackarley2j,rM823'0vSBR5,Glendon Phizackarley,error: Field 'this' not found,Bachiller;
klashmore2k,dN564Ca|zH0h,Kahlil Lashmore,error: Field 'this' not found,Pregrado;
cstenhouse2l,cD134D=l<@b/H{(),Cristionna Stenhouse,error: Field 'this' not found,Maestria;
santonognoli2m,jG1620BCN&4,Stanislaw Antonognoli,error: Field 'this' not found,Bachiller;
pdohmann2n,gB698`.?`n/,Phillie Dohmann,error: Field 'this' not found,Pregrado;
"pmickleborough2o,""dW780I(f'XSn"""""",Pam Mickleborough,error: Field 'this' not found,Maestria";
bkitchin2p,lT482'(pHVB{\DR7,Bucky Kitchin,error: Field 'this' not found,Doctorado;
rdracksford2q,dF813!H5'QiD@b,Ruddie Dracksford,error: Field 'this' not found,Especializazcion;
jsibery2r,iJ352=7OF|3,Jaymie Sibery,error: Field 'this' not found,Pregrado;
tellershaw2s,fV593bskDtLS.,Taddeusz Ellershaw,error: Field 'this' not found,Especializazcion;
ehumpherson2t,bQ528*s><,Emerson Humpherson,error: Field 'this' not found,Pregrado;
brump2u,fO387D$aRD+,Beverlie Rump,error: Field 'this' not found,Especializazcion;
arunnacles2v,vN054V>lLuJKM,Aguie Runnacles,error: Field 'this' not found,Pregrado;
pgraundisson2w,jT172qB\YM~p%/8,Pavel Graundisson,error: Field 'this' not found,Especializazcion;
aminors2x,nM264*)Y0u3v@0,Agnella Minors,error: Field 'this' not found,Bachiller;
cdwane2y,cG468uy/,Colly Dwane,error: Field 'this' not found,Especializazcion;
mshouler2z,qE943}Rg(qhJ,Mattheus Shouler,error: Field 'this' not found,Maestria;
brainsdon30,jT0972o|VDx}r'Cn,Boony Rainsdon,error: Field 'this' not found,Especializazcion;
jseargeant31,jT803uNFywU_,Job Seargeant,error: Field 'this' not found,Doctorado;
ejollye32,aF373.V)d9bHh\{f,Ella Jollye,error: Field 'this' not found,Especializazcion;
gandriveau33,dY380+AgQm#6E_,Gilly Andriveau,error: Field 'this' not found,Doctorado;
haxcell34,nH401@kIa!A=UPA9,Hazlett Axcell,error: Field 'this' not found,Especializazcion;
fkeywood35,bC976M$Dj.,Fred Keywood,error: Field 'this' not found,Especializazcion;
awinfred36,zQ787jj=,Arlyn Winfred,error: Field 'this' not found,Especializazcion;
atrimbey37,uR258KKU*N~z,Arv Trimbey,error: Field 'this' not found,Bachiller;
tbeevens38,oP043fO|`q67niFp,Tandi Beevens,error: Field 'this' not found,Doctorado;
"dfleay39,""gZ801Y{,"",Dido Fleay,error: Field 'this' not found,Maestria";
jpitone3a,jP753&aD2pjlb,Jehu Pitone,error: Field 'this' not found,Doctorado;
jragbourne3b,xB896nd%dC,Jens Ragbourne,error: Field 'this' not found,Pregrado;
ddeville3c,lZ868P{97~/,Dionis Deville,error: Field 'this' not found,Pregrado;
lyitshak3d,xL377_LXiVyGSjC,Livia Yitshak,error: Field 'this' not found,Especializazcion;
mnorrie3e,pA128?LU,Malynda Norrie,error: Field 'this' not found,Bachiller;
ncrickmore3f,pH201Be4,Nicole Crickmore,error: Field 'this' not found,Doctorado;
lgrinsted3g,fX65978Q0a,Leanor Grinsted,error: Field 'this' not found,Especializazcion;
ddani3h,iF543~%yU}QtE,Denis Dani,error: Field 'this' not found,Especializazcion;
lphythien3i,sK509m~y1tz,Loutitia Phythien,error: Field 'this' not found,Especializazcion;
cbattin3j,dB030!5BX',Constantina Battin,error: Field 'this' not found,Maestria;
sruppert3k,hA050)_G=?nN@z,Sasha Ruppert,error: Field 'this' not found,Maestria;
"fperigoe3l,""qM991Ayt""""egh6|Y"",Florette Perigoe,error: Field 'this' not found,Especializazcion";
aguy3m,dR5828aA4xHg.@,Arri Guy,error: Field 'this' not found,Bachiller;
jfevier3n,zB864%#D,Joli Fevier,error: Field 'this' not found,Especializazcion;
rhatfull3o,pX923T3'D{CA,Rivalee Hatfull,error: Field 'this' not found,Bachiller;
jungerechts3p,fY029#E?,Jessa Ungerechts,error: Field 'this' not found,Pregrado;
abecker3q,xI278{p)wkC,Auberta Becker,error: Field 'this' not found,Maestria;
rtreadaway3r,mB536(uTLSw$,Rosemarie Treadaway,error: Field 'this' not found,Pregrado;
eferreiro3s,hD975dpypQh,Ebony Ferreiro,error: Field 'this' not found,Pregrado;
"gperassi3t,""qG734.S4H,"",Gilberto Perassi,error: Field 'this' not found,Bachiller";
nborley3u,aL477CP|a>,Neel Borley,error: Field 'this' not found,Especializazcion;
mgaythwaite3v,xD925FGt0yy9,Marlyn Gaythwaite,error: Field 'this' not found,Doctorado;
bmackniely3w,gX631Gf%_Ag4,Bentley MacKniely,error: Field 'this' not found,Bachiller;
ybradberry3x,zA784OWLKN,Yard Bradberry,error: Field 'this' not found,Bachiller;
mmainstone3y,hE018NekJ,Marv Mainstone,error: Field 'this' not found,Bachiller;
rfiggess3z,rI094P6k4E&,Ransom Figgess,error: Field 'this' not found,Pregrado;
sdehm40,fJ382D8gEz,Sol Dehm,error: Field 'this' not found,Pregrado;
jchaize41,mM633Cv},Janis Chaize,error: Field 'this' not found,Doctorado;
"lcoathup42,""mW117`my,3.mu{m"",Luelle Coathup,error: Field 'this' not found,Pregrado";
glarham43,gE0211PVRwFn!sI,Goddart Larham,error: Field 'this' not found,Doctorado;
gshrimplin44,sE247!sS$~,Gilli Shrimplin,error: Field 'this' not found,Maestria;
hellor45,sZ466Bg0,Hobie Ellor,error: Field 'this' not found,Bachiller;
vtrenholm46,uH764M'Jc,Vickie Trenholm,error: Field 'this' not found,Doctorado;
lheighton47,dI895WqT,Larina Heighton,error: Field 'this' not found,Doctorado;
vphlippi48,rE072yV7,Vernon Phlippi,error: Field 'this' not found,Pregrado;
kcoxhead49,eC884Z@zO,Kaine Coxhead,error: Field 'this' not found,Bachiller;
pbackhurst4a,nL166ZAM~,Prentice Backhurst,error: Field 'this' not found,Maestria;
cdaudray4b,gY448XD7f>k($hAx,Clem Daudray,error: Field 'this' not found,Doctorado;
aamdohr4c,aH442#I@ldkY6VWD,Ashley Amdohr,error: Field 'this' not found,Especializazcion;
sspaduzza4d,iM958Dh1j#,Sukey Spaduzza,error: Field 'this' not found,Especializazcion;
kgauden4e,jM0420Y21O_FB,Kim Gauden,error: Field 'this' not found,Bachiller;
"jjaze4f,""pP772,/<=>N@rW"",Johann Jaze,error: Field 'this' not found,Bachiller";
lrubke4g,bQ561nR5vRZR*,Ludovika Rubke,error: Field 'this' not found,Bachiller;
lobrien4h,nH982~e$,Leola O'Brien,error: Field 'this' not found,Maestria;
awarn4i,rI3713<F,Augustine Warn,error: Field 'this' not found,Bachiller;
craulston4j,gI233Uhox.Mjj6,Cathrin Raulston,error: Field 'this' not found,Pregrado;
gnoteyoung4k,wB921F4y,Guthrie Noteyoung,error: Field 'this' not found,Doctorado;
mjerrold4l,eR878VZKGna),Malynda Jerrold,error: Field 'this' not found,Doctorado;
bgiercke4m,dM336H/Ni7WZ@,Beverlee Giercke,error: Field 'this' not found,Especializazcion;
gstorry4n,vO237/qgX,Grethel Storry,error: Field 'this' not found,Especializazcion;
iacheson4o,lC194jd7T,Iolanthe Acheson,error: Field 'this' not found,Doctorado;
ftolomei4p,gD398v|{%u,Frasquito Tolomei,error: Field 'this' not found,Pregrado;
tridoutt4q,hE073=JW1j%6,Talbot Ridoutt,error: Field 'this' not found,Especializazcion;
"njuara4r,""bN761_cbO""""c_xm|"",Nickolai Juara,error: Field 'this' not found,Especializazcion";
lluker4s,yY8399mW,Lorette Luker,error: Field 'this' not found,Pregrado;
acastanos4t,gN073)@aGjec#4T,Alasdair Castanos,error: Field 'this' not found,Bachiller;
bferrettino4u,kL593aj2Y=h_K54,Bird Ferrettino,error: Field 'this' not found,Pregrado;
fflicker4v,oL046/m5kjgl,Fredek Flicker,error: Field 'this' not found,Maestria;
"hamis4w,""vX499QBK""""(=m."",Huberto Amis,error: Field 'this' not found,Pregrado";
gdunford4x,kQ9167UM$%88,Gerome Dunford,error: Field 'this' not found,Maestria;
hlerer4y,aM089?8UcxrT,Hettie Lerer,error: Field 'this' not found,Pregrado;
dodoireidh4z,eE331~AX%B?%oun,Darcee O'Doireidh,error: Field 'this' not found,Pregrado;
ogrint50,pO055{P1O,Olivette Grint,error: Field 'this' not found,Bachiller;
psyplus51,fA885_bx}r&(,Pierrette Syplus,error: Field 'this' not found,Especializazcion;
scribbins52,wF712|94?<,Sybyl Cribbins,error: Field 'this' not found,Pregrado;
ctomsett53,zK458>qh,Cherrita Tomsett,error: Field 'this' not found,Doctorado;
wrehor54,bH809U3SC+,Wolfie Rehor,error: Field 'this' not found,Maestria;
"bbesemer55,""pX405QzGQ~G_I""""2&"",Bernhard Besemer,error: Field 'this' not found,Especializazcion";
jjotham56,yL748<C.z,Jakob Jotham,error: Field 'this' not found,Doctorado;
"joharney57,""vW722AWQH5U,<"",Jarred O'Harney,error: Field 'this' not found,Pregrado";
jlambarth58,fU290S*k$I,Jacquenette Lambarth,error: Field 'this' not found,Doctorado;
"naxleby59,""qU357h,fG"",Niki Axleby,error: Field 'this' not found,Doctorado";
smeagher5a,pL495z7a>DFZ},Skye Meagher,error: Field 'this' not found,Bachiller;
ageri5b,aT889zh5rh,Annabelle Geri,error: Field 'this' not found,Maestria;
lkuschke5c,aK401fSknG6,Luther Kuschke,error: Field 'this' not found,Doctorado;
lsnookes5d,hB452=oT$o.Y8,Lane Snookes,error: Field 'this' not found,Pregrado;
pmenicomb5e,lI9794dH!_qa,Pearline Menicomb,error: Field 'this' not found,Maestria;
adible5f,yY783vQ6.,Alyson Dible,error: Field 'this' not found,Pregrado;
nrendell5g,tY618>b~,Nerta Rendell,error: Field 'this' not found,Bachiller;
"glejeune5h,""rL124de/&Y"""")P"",Gay Lejeune,error: Field 'this' not found,Doctorado";
nshenfisch5i,nF332Dub,Neysa Shenfisch,error: Field 'this' not found,Bachiller;
"mmcalester5j,""xN4579dae,)W,+M"",Mallorie McAlester,error: Field 'this' not found,Maestria";
ycarillo5k,tO630dy==),Yasmin Carillo,error: Field 'this' not found,Especializazcion;
gsoots5l,fX034la<,Genny Soots,error: Field 'this' not found,Maestria;
"hthurlborn5m,""oK742d*SF""""R3%s1%"",Harcourt Thurlborn,error: Field 'this' not found,Pregrado";
"dmckleod5n,""tS939K'CFvib""""%|"",Doroteya McKleod,error: Field 'this' not found,Maestria";
dgasson5o,oH0243Jv,Doe Gasson,error: Field 'this' not found,Bachiller;
ale5p,hK963kN8T9M*Q,Antonie Le Fleming,error: Field 'this' not found,Bachiller;
pbucknill5q,iJ245.@&ri$o!,Paxton Bucknill,error: Field 'this' not found,Bachiller;
"gloynton5r,""aP318=KGrQ},"",Gerianna Loynton,error: Field 'this' not found,Especializazcion";
jcadman5s,nJ918SpD0u,Jeane Cadman,error: Field 'this' not found,Doctorado;
rdilliston5t,pG142CnAA}(qsbYi,Rafa Dilliston,error: Field 'this' not found,Maestria;
"sreyner5u,""hE624tRS|"""""",Saree Reyner,error: Field 'this' not found,Bachiller";
cwinsley5v,hY312BbqU>,Candice Winsley,error: Field 'this' not found,Pregrado;
deyre5w,qC828eA<$b'<,Drusilla Eyre,error: Field 'this' not found,Maestria;
cchooter5x,iE597%GHlJ',Collin Chooter,error: Field 'this' not found,Bachiller;
"tpetrosian5y,""uL785T7Bt<8,G.Y"",Trueman Petrosian,error: Field 'this' not found,Bachiller";
emaster5z,iB294/rSu_',Evan Master,error: Field 'this' not found,Maestria;
mbisatt60,xJ529H9#6iZ+?s,Milli Bisatt,error: Field 'this' not found,Especializazcion;
wmcfarlane61,gM465!\Uq,Willie McFarlane,error: Field 'this' not found,Pregrado;
agoning62,rA071~O}0g'(}3<d,Amity Goning,error: Field 'this' not found,Pregrado;
"dsiuda63,""rJ196@4""""MhU0/I"",Dania Siuda,error: Field 'this' not found,Especializazcion";
kborsay64,nV219f.CxD7Q`,Karrie Borsay,error: Field 'this' not found,Doctorado;
"agruszczak65,""pP024LiO_Mn,0"",Atalanta Gruszczak,error: Field 'this' not found,Especializazcion";
btidbold66,bX780ub=q2_r=,Bernie Tidbold,error: Field 'this' not found,Pregrado;
mpohling67,rI806OW2?DX,Mellie Pohling,error: Field 'this' not found,Especializazcion;
fbedin68,iY768HHe,Fee Bedin,error: Field 'this' not found,Doctorado;
dselwyn69,aV760$!tj,Diahann Selwyn,error: Field 'this' not found,Pregrado;
csperring6a,aJ565_Lln~cBsN,Cordie Sperring,error: Field 'this' not found,Pregrado;
bpatzelt6b,hG440kLMFu}&O1l,Bob Patzelt,error: Field 'this' not found,Doctorado;
"jowtram6c,""nJ573?zP""""M,QbPP"",Jacquette Owtram,error: Field 'this' not found,Especializazcion";
"acoonan6d,""uH182>+(w""""w"",Ammamaria Coonan,error: Field 'this' not found,Bachiller";
lduigan6e,xK967QQani,Loria Duigan,error: Field 'this' not found,Doctorado;
ljerams6f,kR845ZJm,Ly Jerams,error: Field 'this' not found,Bachiller;
bsilverlock6g,yG762(k%Iu9/=n=u,Berkley Silverlock,error: Field 'this' not found,Pregrado;
zroskelly6h,zI613LZ!iY'|,Zuzana Roskelly,error: Field 'this' not found,Doctorado;
kdavidovsky6i,bY467K/2BLS,Kermie Davidovsky,error: Field 'this' not found,Especializazcion;
"rphlipon6j,""jK047g\F@g&,"",Rich Phlipon,error: Field 'this' not found,Maestria";
pcregan6k,yB619sl+)#*z5vk,Polly Cregan,error: Field 'this' not found,Doctorado;
"dmcsarry6l,""kP326FDNP1""""*h"",Dorelle Mcsarry,error: Field 'this' not found,Maestria";
esellor6m,lU519b!Oz)x*Q,Estelle Sellor,error: Field 'this' not found,Maestria;
adewdney6n,rN511Vi!,Andria Dewdney,error: Field 'this' not found,Maestria;
fleisman6o,mC998_)_<%$xW,Flint Leisman,error: Field 'this' not found,Maestria;
eelion6p,bH340U|O/d,Ely Elion,error: Field 'this' not found,Doctorado;
cbartolozzi6q,nI345IcY}P2{,Constantine Bartolozzi,error: Field 'this' not found,Especializazcion;
cbudgeon6r,wB114)iGPE8O,Cortie Budgeon,error: Field 'this' not found,Maestria;
ephillpotts6s,oP0482>TKa.V,Elsi Phillpotts,error: Field 'this' not found,Pregrado;
"gellum6t,""mT388,'LR"",Gael Ellum,error: Field 'this' not found,Especializazcion";
"hsammon6u,""oK872l""""nk"",Heall Sammon,error: Field 'this' not found,Pregrado";
glawerence6v,jW527U<(9,Garfield Lawerence,error: Field 'this' not found,Bachiller;
jperkin6w,sE6601!+Hw16p,Janene Perkin,error: Field 'this' not found,Doctorado;
rclimer6x,nW561b)K9w)?P,Raynard Climer,error: Field 'this' not found,Maestria;
mtayt6y,aC411bOVp,Melina Tayt,error: Field 'this' not found,Doctorado;
edurek6z,hS530Y!<,Emmett Durek,error: Field 'this' not found,Pregrado;
acaseri70,kE951w(Is,Angelo Caseri,error: Field 'this' not found,Pregrado;
"fholtaway71,""aW886=9yc,U+x"",Felipe Holtaway,error: Field 'this' not found,Maestria";
btunna72,nE0188uo4i3r|@%,Bronnie Tunna,error: Field 'this' not found,Bachiller;
"ecasoni73,""rP4842VMl,AIrP_8"",Ethelda Casoni,error: Field 'this' not found,Pregrado";
asanger74,eP674!)Jw,Alwyn Sanger,error: Field 'this' not found,Maestria;
tpettwood75,aQ120/'H,Thomasin Pettwood,error: Field 'this' not found,Pregrado;
bvan76,sA253|.fbU2X!*}1,Briney Van Niekerk,error: Field 'this' not found,Maestria;
rgallo77,jI828q>WYNXAaq`,Ronnie Gallo,error: Field 'this' not found,Maestria;
tchristoforou78,yS132jgQQ\_,Tommie Christoforou,error: Field 'this' not found,Especializazcion;
cstukings79,xR248H8{@,Courtney Stukings,error: Field 'this' not found,Maestria;
swithams7a,gM699'y},Sharleen Withams,error: Field 'this' not found,Bachiller;
amingey7b,qE777/c>XAt}?w,Anallese Mingey,error: Field 'this' not found,Especializazcion;
jmcateer7c,fL473Go#~wR{i,Jerrie McAteer,error: Field 'this' not found,Maestria;
"fpounsett7d,""xO283I,U@ayenN"",Felipe Pounsett,error: Field 'this' not found,Doctorado";
mlodford7e,oO645~r}%,Maye Lodford,error: Field 'this' not found,Doctorado;
dbodsworth7f,hT257R%7{~H`fs,Donovan Bodsworth,error: Field 'this' not found,Pregrado;
esymondson7g,cS214F\4m%iF>,Ebenezer Symondson,error: Field 'this' not found,Bachiller;
ggreenman7h,zU583XNIGdyCXYgp,Guido Greenman,error: Field 'this' not found,Pregrado;
"jthomton7i,""rX684QMDjV5'C,gW"",Jamima Thomton,error: Field 'this' not found,Bachiller";
mtheobald7j,bS764\zr@(,Melli Theobald,error: Field 'this' not found,Pregrado;
"mfurzey7k,""cO739zE_lfi,8Pe"",Modestia Furzey,error: Field 'this' not found,Maestria";
fmcgurk7l,vG571g7bM4b,Fransisco McGurk,error: Field 'this' not found,Pregrado;
ddoust7m,oB791*P|df(V,Delmar Doust,error: Field 'this' not found,Doctorado;
ksurpliss7n,bB744oUfR%j(kXz,Karrah Surpliss,error: Field 'this' not found,Doctorado;
iminifie7o,gQ177)'OeA,Iona Minifie,error: Field 'this' not found,Bachiller;
idolman7p,cP798'W5,Ilyssa Dolman,error: Field 'this' not found,Doctorado;
iklimpt7q,vC007I715,Isabelle Klimpt,error: Field 'this' not found,Bachiller;
"mcolville7r,""dD738X,IPY&"",Michale Colville,error: Field 'this' not found,Doctorado";
swithur7s,oM728UPP!>RT,Seth Withur,error: Field 'this' not found,Pregrado;
nperez7t,qF227t.2{X(xg,Nance Perez,error: Field 'this' not found,Pregrado;
bzanetti7u,oH666PLn?\R|h,Berget Zanetti,error: Field 'this' not found,Doctorado;
"bburston7v,""nD679%+zXZI'(/"""""",Binni Burston,error: Field 'this' not found,Doctorado";
lgooder7w,iK458(2_cTCZB,Lorene Gooder,error: Field 'this' not found,Bachiller;
estaning7x,gS042!N$i2Sfdx}H,Edgar Staning,error: Field 'this' not found,Doctorado;
ygoodie7y,fR344q&kKG6w~o},Yehudi Goodie,error: Field 'this' not found,Bachiller;
cstienton7z,eW971Tz{wD9>o,Chelsy Stienton,error: Field 'this' not found,Pregrado;
jredferne80,sY376m@2gD),Jourdain Redferne,error: Field 'this' not found,Bachiller;
kstanlike81,eN408<&v,Kristina Stanlike,error: Field 'this' not found,Pregrado;
rleblanc82,yK969!De##y*_d,Richy Leblanc,error: Field 'this' not found,Pregrado;
"vashfold83,""nX9183=""""""""`VD'vY@"",Venita Ashfold,error: Field 'this' not found,Doctorado";
ggwioneth84,oO894fUvx},Gay Gwioneth,error: Field 'this' not found,Maestria;
lhudspeth85,hW822qnD5(@U7Q#q,Lorena Hudspeth,error: Field 'this' not found,Pregrado;
dcurgenuer86,aO103mM8,Dukey Curgenuer,error: Field 'this' not found,Bachiller;
tcolicot87,fD744Sll_qf,Taffy Colicot,error: Field 'this' not found,Doctorado;
wde88,cG327v|2|1/,Wernher De Freyne,error: Field 'this' not found,Doctorado;
"esaturley89,""tJ332n1N`N,$<ZQ"",Ekaterina Saturley,error: Field 'this' not found,Doctorado";
drosendorf8a,uC876*yEwLDorj,Derril Rosendorf,error: Field 'this' not found,Especializazcion;
kmonelli8b,oB543`|Hq#H3b,Koralle Monelli,error: Field 'this' not found,Bachiller;
efenix8c,eS56628d6e_v,Eyde Fenix,error: Field 'this' not found,Doctorado;
blinebarger8d,jH585X6dD#q`,Britta Linebarger,error: Field 'this' not found,Pregrado;
nickovicz8e,mA087d)f#TQHM,Noel Ickovicz,error: Field 'this' not found,Maestria;
ebeldham8f,fA753=q7>&,Eliot Beldham,error: Field 'this' not found,Maestria;
sfrowen8g,vN951W61dG?!Q,Stacee Frowen,error: Field 'this' not found,Pregrado;
gcasali8h,pL729*@(I<#,Gael Casali,error: Field 'this' not found,Doctorado;
abenedick8i,zK650pG_IkMD$,Ardisj Benedick,error: Field 'this' not found,Doctorado;
cblaker8j,gJ056xl.?,Corine Blaker,error: Field 'this' not found,Doctorado;
"eaughton8k,""sH836,n$Ygi0O<V6"",Elsbeth Aughton,error: Field 'this' not found,Maestria";
tbalnaves8l,eZ207qW@,Tarrance Balnaves,error: Field 'this' not found,Bachiller;
jsekulla8m,cL191f/{kh,Judd Sekulla,error: Field 'this' not found,Maestria;
cmartinek8n,hN114DR8`O|,Corabelle Martinek,error: Field 'this' not found,Pregrado;
scolls8o,vN737A(NmmbWcA,Sheila-kathryn Colls,error: Field 'this' not found,Maestria;
abantock8p,lZ821i))%0,Afton Bantock,error: Field 'this' not found,Pregrado;
kwardesworth8q,wV773e<\y0B>,Kippar Wardesworth,error: Field 'this' not found,Bachiller;
jboleyn8r,eC400>M.y5,Josy Boleyn,error: Field 'this' not found,Especializazcion;
"afeasey8s,""qE957F\>,<hfMh"",Abe Feasey,error: Field 'this' not found,Bachiller";
jfrancesco8t,gY600N#{f,Johnny Francesco,error: Field 'this' not found,Bachiller;
kmillward8u,zH808IZaX\!zl,Karissa Millward,error: Field 'this' not found,Especializazcion;
wbittleson8v,nK163<YchKR*iwKz,Willow Bittleson,error: Field 'this' not found,Maestria;
acohr8w,cY810Dgq~6H=,Alphonse Cohr,error: Field 'this' not found,Pregrado;
mdowsing8x,gJ812eV>YGER,Merrill Dowsing,error: Field 'this' not found,Especializazcion;
rzorzenoni8y,eD903)LQ!hJap,Royal Zorzenoni,error: Field 'this' not found,Bachiller;
bbosquet8z,eT739==(C,Bernelle Bosquet,error: Field 'this' not found,Bachiller;
tcossey90,jE530'J&Hd(HF(,Therine Cossey,error: Field 'this' not found,Maestria;
islight91,tR640Kll6CVOJI,Iggie Slight,error: Field 'this' not found,Doctorado;
mfrith92,pD554?g/L43,Maryl Frith,error: Field 'this' not found,Maestria;
fbarnby93,pA3140s`Gz,Filippo Barnby,error: Field 'this' not found,Doctorado;
"bfautly94,""fW867l,GjW(QxIp"",Bunnie Fautly,error: Field 'this' not found,Bachiller";
kfaunt95,xP606DBJj>SG=a1,Katrine Faunt,error: Field 'this' not found,Especializazcion;
tborg96,aX400>Di~h,Thornton Borg,error: Field 'this' not found,Bachiller;
hdomengue97,zG093nj.r\%,Heloise Domengue,error: Field 'this' not found,Maestria;
tbrinded98,gI521O9x@f.,Toni Brinded,error: Field 'this' not found,Pregrado;
cbuggs99,eR256eDmA.,Charmion Buggs,error: Field 'this' not found,Doctorado;
rferras9a,bW688V1C,Rebeca Ferras,error: Field 'this' not found,Bachiller;
abeadnall9b,qJ369/'yF_!n,Antonin Beadnall,error: Field 'this' not found,Especializazcion;
gritch9c,vR422s7FX?N#,Ganny Ritch,error: Field 'this' not found,Maestria;
"zfrances9d,""rU264U3=G/""""?1gQ"",Zachariah Frances,error: Field 'this' not found,Doctorado";
jghiotto9e,jW508mHto,Jonah Ghiotto,error: Field 'this' not found,Pregrado;
tverillo9f,gF333)/2CP5x,Tallie Verillo,error: Field 'this' not found,Pregrado;
hcecchi9g,eZ241w/l&E.)`o_,Homerus Cecchi,error: Field 'this' not found,Bachiller;
bgheorghe9h,yM136/87T*k,Boycey Gheorghe,error: Field 'this' not found,Doctorado;
sdello9i,sC247bL9!zJY,Stavro Dello,error: Field 'this' not found,Maestria;
gbarraclough9j,qJ199R\r!w&B.D_,Grissel Barraclough,error: Field 'this' not found,Especializazcion;
tguidera9k,qX002?m<V*r'Z*k,Tamarah Guidera,error: Field 'this' not found,Maestria;
cgrier9l,dV2964@O,Cort Grier,error: Field 'this' not found,Bachiller;
rstyche9m,pN5227MPGi)q,Rudolf Styche,error: Field 'this' not found,Bachiller;
mgroome9n,hQ230_lk{W6.kWJ\,Moritz Groome,error: Field 'this' not found,Bachiller;
mdincey9o,cZ456IBfkwR,Mabelle Dincey,error: Field 'this' not found,Especializazcion;
"mohlsen9p,""gQ921s55,$W`Z"",Morgan Ohlsen,error: Field 'this' not found,Bachiller";
sfeige9q,vO505dE/H'4B3h,Shelly Feige,error: Field 'this' not found,Especializazcion;
kansley9r,oP302!tIpIVP,Karney Ansley,error: Field 'this' not found,Maestria;
hclapston9s,oZ485f`1,Hewett Clapston,error: Field 'this' not found,Especializazcion;
iharradence9t,uC552@y.,Izabel Harradence,error: Field 'this' not found,Bachiller;
vfilmer9u,lR816#R#/hJJ@Mgl,Velvet Filmer,error: Field 'this' not found,Especializazcion;
lwalklett9v,gM633w#pp#2w5&}h,Lethia Walklett,error: Field 'this' not found,Maestria;
ptallquist9w,hV627>$KV%B{},Pauli Tallquist,error: Field 'this' not found,Maestria;
chinckesman9x,aE055O{|A,Caddric Hinckesman,error: Field 'this' not found,Bachiller;
"charling9y,""nM014L%U<CE#@,ZW"",Curcio Harling,error: Field 'this' not found,Pregrado";
bfilasov9z,nM481m0JoRFp,Blayne Filasov,error: Field 'this' not found,Bachiller;
dvosea0,xZ751vV_,Davie Vose,error: Field 'this' not found,Bachiller;
mkryskaa1,qM407eP@M,Maybelle Kryska,error: Field 'this' not found,Doctorado;
lplowella2,mA223)ua!l,Liv Plowell,error: Field 'this' not found,Maestria;
eboffina3,zA815xsAmix\)_c,Elijah Boffin,error: Field 'this' not found,Pregrado;
ndilona4,kD815ubQsH+(OIk,Nicholle Dilon,error: Field 'this' not found,Maestria;
cchawkleya5,vN477gw)T,Chelsy Chawkley,error: Field 'this' not found,Bachiller;
"sburtwella6,""bO0612eF+s>3P"""""",Suellen Burtwell,error: Field 'this' not found,Especializazcion";
balexanderssona7,bH178/LnK,Berna Alexandersson,error: Field 'this' not found,Maestria;
pscamala8,uK772qBy),Pembroke Scamal,error: Field 'this' not found,Pregrado;
svargasa9,aA1217iyuMM*_,Shellie Vargas,error: Field 'this' not found,Especializazcion;
"rkosaa,""gS788j+={%!y}"""""",Ryan Kos,error: Field 'this' not found,Especializazcion";
eworsallsab,mT069='lg>Oly,Ede Worsalls,error: Field 'this' not found,Pregrado;
"mhailesac,""zI205>{""""FV4{_"",Mendy Hailes,error: Field 'this' not found,Pregrado";
rgerrietsad,wQ1720I?5@,Reagen Gerriets,error: Field 'this' not found,Bachiller;
cmcae,uT334a?t>m,Cissy Mc Queen,error: Field 'this' not found,Especializazcion;
"kaspitalaf,""mH887J$2c`,Zm$l)"",Katherine Aspital,error: Field 'this' not found,Pregrado";
tboldeckeag,uP681RjiqS,Tally Boldecke,error: Field 'this' not found,Bachiller;
fodgerah,oB236=afo)bI9F.,Fawnia Odger,error: Field 'this' not found,Pregrado;
jgauntai,uR793NU>8g,Joanna Gaunt,error: Field 'this' not found,Maestria;
hliveingaj,xO958#=@,Heidie Liveing,error: Field 'this' not found,Maestria;
rrivalandak,tU002<jwEA#GQg,Renie Rivaland,error: Field 'this' not found,Especializazcion;
fswancottal,pR8486B<>/SD,Frances Swancott,error: Field 'this' not found,Maestria;
kgodsafeam,iT008_@clfhY,Kliment Godsafe,error: Field 'this' not found,Doctorado;
"cgutcheran,""kQ876G{I5,eL"",Cahra Gutcher,error: Field 'this' not found,Especializazcion";
tringhamao,nW593&+O_J01#,Tallou Ringham,error: Field 'this' not found,Doctorado;
amacgorleyap,jK110L&_K8_,Anna-maria MacGorley,error: Field 'this' not found,Especializazcion;
"ealiboneaq,""vI230PA%""""1.Y|@Mn"",Enriqueta Alibone,error: Field 'this' not found,Maestria";
lgallallyar,hW105QUHU4,Lorant Gallally,error: Field 'this' not found,Especializazcion;
rkobierieckias,xX912o?Vc,Raquel Kobieriecki,error: Field 'this' not found,Especializazcion;
lmacmarcuisat,dG884Js'gyG$R,Lavina MacMarcuis,error: Field 'this' not found,Bachiller;
"lemlinau,""hS7534P~,dcb1"",Lavinia Emlin,error: Field 'this' not found,Especializazcion";
skabischav,eP573iFO,Sunny Kabisch,error: Field 'this' not found,Pregrado;
vfrusheraw,gI647.\6,Vinson Frusher,error: Field 'this' not found,Doctorado;
agurgeax,wD194qtdeItV},Avis Gurge,error: Field 'this' not found,Doctorado;
kfewtrellay,fX566ywL,Krispin Fewtrell,error: Field 'this' not found,Especializazcion;
vquiddihyaz,kN719N@~L6@d=w,Vilma Quiddihy,error: Field 'this' not found,Bachiller;
gfeeheryb0,sW708PMKeK%AVK,Gloria Feehery,error: Field 'this' not found,Maestria;
mferranb1,rC741c(4B9/,Maddy Ferran,error: Field 'this' not found,Pregrado;
gteresib2,nL026Yf*@bQ(oK,Ginevra Teresi,error: Field 'this' not found,Pregrado;
"bsoutheranb3,""rH349X""""b1hg!f"",Bellanca Southeran,error: Field 'this' not found,Pregrado";
mpeggb4,tF766m~|,Man Pegg,error: Field 'this' not found,Especializazcion;
"lmatashkinb5,""wF561\R""""_D*"",Lora Matashkin,error: Field 'this' not found,Doctorado";
nhexumb6,bJ82519(xxp,Nelson Hexum,error: Field 'this' not found,Doctorado;
nlamplb7,bN6532OA/IP=TBLc,Nikki Lampl,error: Field 'this' not found,Pregrado;
gluciob8,rL871a+1'.09yg@W,Garreth Lucio,error: Field 'this' not found,Pregrado;
fkroppb9,wL949A_x4H)rirmt,Fabe Kropp,error: Field 'this' not found,Pregrado;
mrandellba,bG257JM.LJ6|t,Mariette Randell,error: Field 'this' not found,Especializazcion;
aocassidybb,wG983s%pFYF4*,Angel O'Cassidy,error: Field 'this' not found,Bachiller;
bofieldbc,wL3242X(,Brenda Ofield,error: Field 'this' not found,Maestria;
rbaishbd,hI226aX~nI,Ron Baish,error: Field 'this' not found,Doctorado;
smottersheadbe,tB0329K(<LFlvvW,Sigvard Mottershead,error: Field 'this' not found,Maestria;
jvogeleinbf,lL369FH*_BB5,Johnette Vogelein,error: Field 'this' not found,Maestria;
bluipoldbg,wD284Ry4OM,Berny Luipold,error: Field 'this' not found,Pregrado;
hstaitbh,vQ542Fd/tPpEr,Hayyim Stait,error: Field 'this' not found,Pregrado;
"scasabi,""cL246$""""Pap"",Shayne Casa,error: Field 'this' not found,Bachiller";
ecornhillbj,cN1497TPK,Eldin Cornhill,error: Field 'this' not found,Doctorado;
bsallowayebk,gV527>I5&.Ipi9(`,Barr Sallowaye,error: Field 'this' not found,Maestria;
sheddebl,tL140j2yD(F%AmA,Stanwood Hedde,error: Field 'this' not found,Pregrado;
mbabingtonbm,zH959POlx?1>,Martainn Babington,error: Field 'this' not found,Pregrado;
oyushankinbn,cZ7984SfQe,Oswell Yushankin,error: Field 'this' not found,Pregrado;
mlaugierbo,sD028CCJ6h,Merle Laugier,error: Field 'this' not found,Maestria;
ycoybp,qZ651NrB.TBW,Yehudit Coy,error: Field 'this' not found,Doctorado;
mhewesbq,fC745@1x?M#Y~br,Mordecai Hewes,error: Field 'this' not found,Maestria;
jheildsbr,zF122Oybd/uq+Vx!,Jacinthe Heilds,error: Field 'this' not found,Maestria;
mdebs,eW295D$@o%G|!`q,Melvin De la Barre,error: Field 'this' not found,Doctorado;
mpetrulisbt,kD185V~QtMDbvc}b,Mira Petrulis,error: Field 'this' not found,Pregrado;
mplowellbu,jP917F.w,Marcelo Plowell,error: Field 'this' not found,Bachiller;
"mlandsburybv,""bN011r,f"",Marne Landsbury,error: Field 'this' not found,Especializazcion";
emaultbybw,bH115gGt$3bj7fZ0,Eddie Maultby,error: Field 'this' not found,Bachiller;
bsyversenbx,iP836{G5y)i7kHC!,Bernarr Syversen,error: Field 'this' not found,Especializazcion;
wmustardeby,bV977ydJA=)oJtZ,Woodman Mustarde,error: Field 'this' not found,Especializazcion;
ddouganbz,rB527pU\d}',Demetri Dougan,error: Field 'this' not found,Maestria;
msymperc0,sV825pBba'*@IB*.,Marianna Symper,error: Field 'this' not found,Especializazcion;
smeneurc1,uD250ZzG&q3L\U{>,Stormie Meneur,error: Field 'this' not found,Doctorado;
aoagc2,vY526tuS),Arel Oag,error: Field 'this' not found,Especializazcion;
gshalesc3,eE1978fBGS9EjEd{,Grady Shales,error: Field 'this' not found,Doctorado;
arubyc4,zK054{O%t,Andie Ruby,error: Field 'this' not found,Especializazcion;
alutschc5,xY889y$1,Anderea Lutsch,error: Field 'this' not found,Bachiller;
fbromheadc6,wL505j>hlVdZg,Foster Bromhead,error: Field 'this' not found,Maestria;
fwoodyearec7,uO290mpz,Freddy Woodyeare,error: Field 'this' not found,Pregrado;
"vborsic8,""kE524lr=Wz,!pXN"",Valentine Borsi,error: Field 'this' not found,Especializazcion";
"ecaslanec9,""iG125""""xRHcm"",Emlyn Caslane,error: Field 'this' not found,Pregrado";
akendellca,fE665MM=Ipduf,Aldwin Kendell,error: Field 'this' not found,Pregrado;
"tgudecb,""pV440/""""PN6L"",Thalia Gude,error: Field 'this' not found,Especializazcion";
gandersencc,jT108zmwGKu,Gerti Andersen,error: Field 'this' not found,Doctorado;
tvolagecd,eB086I(<4,Terrance Volage,error: Field 'this' not found,Pregrado;
jrylandce,mR996Z<Wz,Jory Ryland,error: Field 'this' not found,Especializazcion;
sbarockcf,eS665!Y~E,Scott Barock,error: Field 'this' not found,Doctorado;
"cprynnecg,""xP234H,ZQUisyrmd"",Corny Prynne,error: Field 'this' not found,Maestria";
kstepneych,iN469@D*Y=shGLb,Koenraad Stepney,error: Field 'this' not found,Maestria;
"rlaxonci,""mC395Z,zZEQtz"",Ruperto Laxon,error: Field 'this' not found,Bachiller";
eheisscj,fF482_zM,Edith Heiss,error: Field 'this' not found,Pregrado;
efrancomck,yS180OrHk,Emelen Francom,error: Field 'this' not found,Doctorado;
eslightcl,iI180N\9MI\,Eachelle Slight,error: Field 'this' not found,Pregrado;
vmosconcm,gP295*{y<x,Verne Moscon,error: Field 'this' not found,Doctorado;
hdecn,vH4223p\,Huberto de Villier,error: Field 'this' not found,Especializazcion;
whamonco,gW528j`ZM|tFI,Willem Hamon,error: Field 'this' not found,Bachiller;
aquarrycp,uW240Y4.i\/cpE,Ashton Quarry,error: Field 'this' not found,Especializazcion;
rcuddihycq,kE667y<(tNlyg,Rollin Cuddihy,error: Field 'this' not found,Doctorado;
strevertoncr,pW265V9+G5mi$@C*,Suzanna Treverton,error: Field 'this' not found,Maestria;
"gvasiljeviccs,""lG435Hx""""M"",Gloriane Vasiljevic,error: Field 'this' not found,Bachiller";
kmetsonct,vM179u5ks\,Kimbell Metson,error: Field 'this' not found,Maestria;
ysnarcu,gX219?W\,Yale Snar,error: Field 'this' not found,Doctorado;
rstellincv,aB134q?VSi8MAyp!,Rana Stellin,error: Field 'this' not found,Maestria;
bmorandocw,mU9483K&,Bertie Morando,error: Field 'this' not found,Doctorado;
frabbcx,qM815PJk,Flynn Rabb,error: Field 'this' not found,Maestria;
cshouldercy,nR863PoWcrfu@24,Cacilie Shoulder,error: Field 'this' not found,Especializazcion;
cverginecz,oM073.W&A(R,Clarance Vergine,error: Field 'this' not found,Especializazcion;
hdressed0,vQ3492#`laR?yj,Holly-anne Dresse,error: Field 'this' not found,Bachiller;
gspalld1,hB788SX3txTQ>N,Goraud Spall,error: Field 'this' not found,Doctorado;
"pgarwoodd2,""oZ1285k,/kh{w'ql"",Pietrek Garwood,error: Field 'this' not found,Pregrado";
jchatersd3,oR702/B2ePQ?rM,Janina Chaters,error: Field 'this' not found,Maestria;
jcodad4,uY559Z\CQ,Joaquin Coda,error: Field 'this' not found,Especializazcion;
akidsond5,lS026+Phqg5xbs,Avril Kidson,error: Field 'this' not found,Bachiller;
aenderled6,aW148~9FOF,Appolonia Enderle,error: Field 'this' not found,Doctorado;
cdennittsd7,nR543'FT{E,Coleman Dennitts,error: Field 'this' not found,Pregrado;
royleyd8,oB880ww>agD?y,Rodie Oyley,error: Field 'this' not found,Especializazcion;
fconwayd9,wV921i=z,Felicity Conway,error: Field 'this' not found,Especializazcion;
"dcluelyda,""hP431s""""B"",Denys Cluely,error: Field 'this' not found,Bachiller";
svandb,nD2307n',Sally Van Leeuwen,error: Field 'this' not found,Maestria;
"ggoverndc,""pE638`LWbexY"""""",Giffy Govern,error: Field 'this' not found,Especializazcion";
"aruslindd,""fC958C,R"",Adaline Ruslin,error: Field 'this' not found,Doctorado";
sdavisde,oY433YJ9QxSmug,Samuel Davis,error: Field 'this' not found,Especializazcion;
pmeashamdf,aP704l~1Hc=@fD,Pierson Measham,error: Field 'this' not found,Pregrado;
adurantedg,dG267kMtP&sGs,Artemas Durante,error: Field 'this' not found,Bachiller;
fdarydh,xF668M1wEgCCg,Faustine Dary,error: Field 'this' not found,Maestria;
jfenderdi,lF515l_dpq6,Jeane Fender,error: Field 'this' not found,Pregrado;
cjerromdj,jG107iLp,Charlotta Jerrom,error: Field 'this' not found,Bachiller;
rlivzeydk,tL389&bowXj+I,Roderich Livzey,error: Field 'this' not found,Especializazcion;
hplludl,jJ161$7_,Harry Pllu,error: Field 'this' not found,Bachiller;
"awhitelanddm,""wB078Gx/NN0H,BU,"",Aloysius Whiteland,error: Field 'this' not found,Maestria";
rhanseldn,rN657}0GUrI},Rhonda Hansel,error: Field 'this' not found,Maestria;
rdedo,hH302%LO<,Rollin de Chastelain,error: Field 'this' not found,Pregrado;
sisondp,kN727.RV,Skelly Ison,error: Field 'this' not found,Bachiller;
cgabledq,mU932vuPjrVG(o,Cynthie Gable,error: Field 'this' not found,Bachiller;
"ihagwooddr,""aG945b%pe,EQ$3"",Inga Hagwood,error: Field 'this' not found,Doctorado";
bmccaskellds,oW553kJZ82P|1s,Beaufort McCaskell,error: Field 'this' not found,Doctorado;
fgrevilledt,bE288tu},Franklin Greville,error: Field 'this' not found,Bachiller;
ftarboxdu,yC6074eiWXw%}*,Fey Tarbox,error: Field 'this' not found,Especializazcion;
hlarvordv,nU887b\LH>R,Hebert Larvor,error: Field 'this' not found,Pregrado;
pwhissondw,mG376_Ld,Pansie Whisson,error: Field 'this' not found,Pregrado;
rfaseydx,tC272vImZE!l,Rubina Fasey,error: Field 'this' not found,Doctorado;
etremberthdy,xC927D?{5ivV<aLd,Emlyn Tremberth,error: Field 'this' not found,Pregrado;
wamardz,xU298!S~~tOxTl,Willyt Amar,error: Field 'this' not found,Especializazcion;
sbladdere0,gK862y1j&Ba0L,Sidney Bladder,error: Field 'this' not found,Maestria;
jfouxe1,xX423?3J,Julianne Foux,error: Field 'this' not found,Pregrado;
rleasee2,xG6596feG1pJ@,Rozanne Lease,error: Field 'this' not found,Doctorado;
wgrafhome3,lJ664LGeb*nb@@,Wilhelmine Grafhom,error: Field 'this' not found,Bachiller;
bbowtone4,bX197MY|MgfJ`w,Bee Bowton,error: Field 'this' not found,Bachiller;
achapleoe5,eE138#HHk1p,Alvie Chapleo,error: Field 'this' not found,Bachiller;
lbraybrooke6,mU920eSe*ei5QKc,Letizia Braybrook,error: Field 'this' not found,Bachiller;
omoncure7,zI188QyrX=O,Odo Moncur,error: Field 'this' not found,Maestria;
wkhotere8,wR631a<#juJpSM/Z,Westbrooke Khoter,error: Field 'this' not found,Bachiller;
rhulle9,mN889cJEn(Tm,Rebecca Hull,error: Field 'this' not found,Especializazcion;
aberniea,qO268%jUuU=#,Amii Berni,error: Field 'this' not found,Especializazcion;
"nmundieeb,""vW584'Wd,B&Bo"",Nisse Mundie,error: Field 'this' not found,Maestria";
"jpitherickec,""fY945YCvVN""""}_"",Jesse Pitherick,error: Field 'this' not found,Maestria";
"bengelmanned,""qX853m,X$s+>"",Bertrando Engelmann,error: Field 'this' not found,Bachiller";
shobgenee,jN027FRTOZ9A$,Sharity Hobgen,error: Field 'this' not found,Maestria;
mgoundrillef,kO196.g5,Mahmud Goundrill,error: Field 'this' not found,Especializazcion;
sgiovannellieg,hU914))7VAaH,Sybyl Giovannelli,error: Field 'this' not found,Doctorado;
fstoopeh,tD008/|QB!,Faye Stoop,error: Field 'this' not found,Doctorado;
eburkittei,xB143Un7iN\?F$3',Esme Burkitt,error: Field 'this' not found,Doctorado;
ataceej,rH528XVET}4\b,Alison Tace,error: Field 'this' not found,Bachiller;
nworboyek,nQ339R#%tIqC4,Nelly Worboy,error: Field 'this' not found,Bachiller;
bburgiseel,kZ725keRA`k,Bealle Burgise,error: Field 'this' not found,Maestria;
ktaylersonem,vP902oS@ML5B|Dk,Kendell Taylerson,error: Field 'this' not found,Bachiller;
kburganeen,bK333{~1o{J!,Kipp Burgane,error: Field 'this' not found,Bachiller;
acowoppeeo,hZ125)(n|3$N$,Abraham Cowoppe,error: Field 'this' not found,Maestria;
mrogerep,vL654(Pv<.j.,Melba Roger,error: Field 'this' not found,Especializazcion;
eloddeneq,sY101UPHG,Ewell Lodden,error: Field 'this' not found,Bachiller;
lharnettyer,wQ668Xpb,Lavena Harnetty,error: Field 'this' not found,Maestria;
cmuldrewes,wG730y_Bh9Bup~\R,Carny Muldrew,error: Field 'this' not found,Bachiller;
gscholardet,bO8311W2Gq'TR?,Gail Scholard,error: Field 'this' not found,Especializazcion;
rphillippseu,wO873LR4,Risa Phillipps,error: Field 'this' not found,Pregrado;
clantaphev,xX2716'q`n'`)j,Clio Lantaph,error: Field 'this' not found,Pregrado;
cfeatherew,cC922WjWo<4w,Candy Feather,error: Field 'this' not found,Doctorado;
"lgrationex,""kB367W""""Wt}3Ap/0N"",Lilli Gration,error: Field 'this' not found,Pregrado";
swinchcombeey,dZ783+5.,Sunshine Winchcombe,error: Field 'this' not found,Maestria;
amcchruiterez,bB050BPf,Allissa McChruiter,error: Field 'this' not found,Maestria;
btemlettf0,rH779#cd&<,Billie Temlett,error: Field 'this' not found,Maestria;
giwanowskif1,sK588*c1e\3,Gabriela Iwanowski,error: Field 'this' not found,Bachiller;
"bgilardonef2,""tE869lQ4Y,j6"",Baillie Gilardone,error: Field 'this' not found,Doctorado";
lheersmaf3,sL867C`Q|THz~j,Lorne Heersma,error: Field 'this' not found,Especializazcion;
nbachmannf4,rW482ZE>RrF93,Nero Bachmann,error: Field 'this' not found,Doctorado;
bjennawayf5,dE546\cr!42L6j,Bradney Jennaway,error: Field 'this' not found,Pregrado;
ciacovuccif6,jO868O)n{ap}~f~,Carmelia Iacovucci,error: Field 'this' not found,Doctorado;
aspoorsf7,tX702sai,Alick Spoors,error: Field 'this' not found,Pregrado;
msellwoodf8,qM717Vl_h',Milly Sellwood,error: Field 'this' not found,Pregrado;
sgravief9,rK210!v3qze,Silvana Gravie,error: Field 'this' not found,Maestria;
zrobertotfa,iG702QMv,Zane Robertot,error: Field 'this' not found,Maestria;
aelwardfb,rC817_=}Id3Odd,Alice Elward,error: Field 'this' not found,Bachiller;
elawsfc,uP832S!SSo)5,Elspeth Laws,error: Field 'this' not found,Maestria;
hpurslowfd,dV817esNp.tuaE'`,Harlie Purslow,error: Field 'this' not found,Especializazcion;
wmcquorkelfe,rJ714PiYyEvF$,Wheeler McQuorkel,error: Field 'this' not found,Doctorado;
rbourff,wB191Mw<lNNY,Rozelle Bour,error: Field 'this' not found,Maestria;
pmarnanefg,oW1293eKWO,Pepita Marnane,error: Field 'this' not found,Doctorado;
dparzizekfh,vB088cAuy$P?*L,Der Parzizek,error: Field 'this' not found,Bachiller;
"nwadesworthfi,""zR886<4fN*""""Z6"",Nev Wadesworth,error: Field 'this' not found,Pregrado";
drenishfj,mI646\qa<~,Dimitri Renish,error: Field 'this' not found,Bachiller;
bmullerfk,qI974IZYnipAn2}Y,Bentlee Muller,error: Field 'this' not found,Pregrado;
lsprowlefl,rW445Q<Zm,Liane Sprowle,error: Field 'this' not found,Maestria;
ghansleyfm,uX58595@PFTvTa,Gardener Hansley,error: Field 'this' not found,Maestria;
mgoadbyfn,gU994\$2{`y#d,Margaux Goadby,error: Field 'this' not found,Especializazcion;
rsavegefo,sO0616mHWAhj,Renaud Savege,error: Field 'this' not found,Especializazcion;
bfensomefp,xD675F2lV7@,Britte Fensome,error: Field 'this' not found,Pregrado;
eilsonfq,dG725LR/Oq&A,Eydie Ilson,error: Field 'this' not found,Doctorado;
tduttfr,mV639nRnZa,Taylor Dutt,error: Field 'this' not found,Bachiller;
stumayanfs,sE776t'nFld2,Selig Tumayan,error: Field 'this' not found,Especializazcion;
rcomrieft,vL716Om_|2,Rosette Comrie,error: Field 'this' not found,Especializazcion;
ldeluefu,dK248Aa|,Lambert Delue,error: Field 'this' not found,Maestria;
qallisonfv,bZ663XbB*,Quinn Allison,error: Field 'this' not found,Maestria;
"rhallwardfw,""sF547j'FlXi"""""",Renaud Hallward,error: Field 'this' not found,Maestria";
imacgowfx,kN557h2x,Ingaborg MacGow,error: Field 'this' not found,Doctorado;
tspearsfy,kB674?X)et`'g,Tyrus Spears,error: Field 'this' not found,Doctorado;
"dloomesfz,""hE398Nr+37Q`,Li"",Devonne Loomes,error: Field 'this' not found,Especializazcion";
hpigromeg0,yL371X6.T,Harriette Pigrome,error: Field 'this' not found,Bachiller;
svowdeng1,uN586#4esps}tFh*,Sander Vowden,error: Field 'this' not found,Especializazcion;
"amountaing2,""eQ882x{qM\""""z0"",Alisander Mountain,error: Field 'this' not found,Bachiller";
rriglerg3,mU496j{PQ&3A6f,Rhiamon Rigler,error: Field 'this' not found,Doctorado;
mplamping4,fH172JquO?,Marie Plampin,error: Field 'this' not found,Bachiller;
jlegging5,xN940CmhYU,Julissa Leggin,error: Field 'this' not found,Maestria;
"dtorbettg6,""wP207g~5B+"""""",Deny Torbett,error: Field 'this' not found,Pregrado";
sbrimblecombeg7,eT464u+ZM\_Q9sEr,Stirling Brimblecombe,error: Field 'this' not found,Bachiller;
kmcmorrang8,vU810BIcN%xA,Kermie McMorran,error: Field 'this' not found,Pregrado;
jblaycockg9,qI490Vpy0*,Jazmin Blaycock,error: Field 'this' not found,Especializazcion;
mmachenga,oX595wuPCL~Foj,Malachi Machen,error: Field 'this' not found,Doctorado;
ckesbygb,fU854Q&_E>v,Charmaine Kesby,error: Field 'this' not found,Pregrado;
zflukesgc,qS201%soM0pp,Zorah Flukes,error: Field 'this' not found,Bachiller;
ggorigd,tZ760y*v,Grannie Gori,error: Field 'this' not found,Especializazcion;
aroycroftge,sX783.C3o$jW2?J,Adorne Roycroft,error: Field 'this' not found,Maestria;
bpounsettgf,nQ194uwtn,Brade Pounsett,error: Field 'this' not found,Bachiller;
mglasnergg,nJ484k&t*<VJI,Martguerita Glasner,error: Field 'this' not found,Especializazcion;
pcessfordgh,cM071?!s,Peg Cessford,error: Field 'this' not found,Maestria;
jjoyseygi,zJ487.30+9,Jdavie Joysey,error: Field 'this' not found,Pregrado;
vcuttellgj,tY859AUEwx>H$#U,Viviene Cuttell,error: Field 'this' not found,Maestria;
"sdunsmuirgk,""xG5445A#T,=@qQ"",Sheff Dunsmuir,error: Field 'this' not found,Especializazcion";
nappletongl,nX164Tnp,Nicola Appleton,error: Field 'this' not found,Doctorado;
dwattinsgm,rI617h!(wt#,Del Wattins,error: Field 'this' not found,Doctorado;
ckidsongn,tV792d)'8Hr,Corbett Kidson,error: Field 'this' not found,Especializazcion;
graymontgo,pO794LzCV)\Y?,Gwen Raymont,error: Field 'this' not found,Pregrado;
dclevelandgp,nL249KEXJp6,Dorree Cleveland,error: Field 'this' not found,Doctorado;
aperreegq,cA735k0YyJ=oL(,Antonina Perree,error: Field 'this' not found,Especializazcion;
cmellsopgr,gP944=SO#}'4DF,Cassandre Mellsop,error: Field 'this' not found,Bachiller;
lkintishgs,sV614AF!/=R,Lisetta Kintish,error: Field 'this' not found,Pregrado;
afolliottgt,uV582LNL)|9VkN3,Amble Folliott,error: Field 'this' not found,Maestria;
"dostgu,""eJ440,"""",T'b""""SCP"",Davidson Ost,error: Field 'this' not found,Bachiller";
"edungategv,""cM912,zf>*xcAEK"",Eba Dungate,error: Field 'this' not found,Maestria";
blaysongw,oQ620|N@o\q>Ba,Bernice Layson,error: Field 'this' not found,Maestria;
grouselgx,mC282!N{m/j,Gillie Rousel,error: Field 'this' not found,Bachiller;
fbarringtongy,bB928mH.o#(?,Felic Barrington,error: Field 'this' not found,Especializazcion;
"madamogz,""jC506?CS#W,#9HJ"",Meyer Adamo,error: Field 'this' not found,Especializazcion";
"cspeirh0,""fF594H{,h"",Conney Speir,error: Field 'this' not found,Maestria";
bbryerh1,tC128~HjTrRA,Bernadene Bryer,error: Field 'this' not found,Pregrado;
skeasleyh2,eU363CBp>kJYq,Sheila Keasley,error: Field 'this' not found,Doctorado;
qhatonh3,dV319n$!=_,Quincy Haton,error: Field 'this' not found,Bachiller;
lswatheridgeh4,dA758tB`cg3,Louisette Swatheridge,error: Field 'this' not found,Pregrado;
rfirmanh5,xP877cc(gRXToyZ+,Ronnie Firman,error: Field 'this' not found,Doctorado;
dmacalesterh6,bA268$\z~zOk,Darnell MacAlester,error: Field 'this' not found,Doctorado;
challewellh7,xC333wnt,Cate Hallewell,error: Field 'this' not found,Doctorado;
bgroddenh8,oL968Fy%~7,Bevvy Grodden,error: Field 'this' not found,Especializazcion;
nrulerh9,bB604>Qgpn,Nataline Ruler,error: Field 'this' not found,Especializazcion;
afilipchikovha,jX619hir&#gh,Alexi Filipchikov,error: Field 'this' not found,Maestria;
cscoterboshhb,cD461Gs22sjc,Cammy Scoterbosh,error: Field 'this' not found,Especializazcion;
gbegganhc,fF294LINZ9,Gunther Beggan,error: Field 'this' not found,Maestria;
ravrahamhd,zC712`#3JBc,Ricki Avraham,error: Field 'this' not found,Maestria;
ohinckesmanhe,fP154d&hhZ1hD,Onfroi Hinckesman,error: Field 'this' not found,Pregrado;
ddanihelkahf,qM978jLOIR?(B,Darb Danihelka,error: Field 'this' not found,Doctorado;
hmccallumhg,pU689\&s2s1*(=S9,Helli McCallum,error: Field 'this' not found,Especializazcion;
sstilwellhh,vT542D>hGYL/yS,Sherie Stilwell,error: Field 'this' not found,Especializazcion;
lcallardhi,fS071NDLCM,Laraine Callard,error: Field 'this' not found,Bachiller;
jfarmanhj,nQ139d5a#*,Justus Farman,error: Field 'this' not found,Doctorado;
mmelahk,lP349)6p7rs8LZ,Miof mela Ades,error: Field 'this' not found,Especializazcion;
"sshakesbyhl,""jP408Q|XC>#d>f,"",Sidoney Shakesby,error: Field 'this' not found,Pregrado";
dscotchbrookhm,kT458>uSm<,Derwin Scotchbrook,error: Field 'this' not found,Doctorado;
"cgowerhn,""oS932ePSv~,!IrR|"",Cordell Gower,error: Field 'this' not found,Maestria";
"smaultho,""hK547,94%a"",Stephen Mault,error: Field 'this' not found,Maestria";
"pnettinghp,""oU978L4NBKn&,yA"",Pryce Netting,error: Field 'this' not found,Pregrado";
"mstothq,""vL522Y""""Tk!BC~lO"",Mei Stot,error: Field 'this' not found,Maestria";
lderryhr,cX466k)~,Lothario Derry,error: Field 'this' not found,Especializazcion;
blivetths,vC775M`0(|c?6+=5,Betta Livett,error: Field 'this' not found,Doctorado;
egorrissenht,kN931<fY>h)(,Edie Gorrissen,error: Field 'this' not found,Doctorado;
ehoulisonhu,wN408kts>,Eb Houlison,error: Field 'this' not found,Doctorado;
mwardallhv,lC574fk!m,Mikey Wardall,error: Field 'this' not found,Maestria;
fpalkehw,sW040{}4N#Hd,Forest Palke,error: Field 'this' not found,Bachiller;
efollinghx,pT919kCoCk,Eartha Folling,error: Field 'this' not found,Pregrado;
mdandyhy,jR123UvhZ0Ec,Margret Dandy,error: Field 'this' not found,Pregrado;
ksuerzhz,gE662R'QqW,Karoly Suerz,error: Field 'this' not found,Maestria;
kmarvini0,kS915w3*1l3j1+,Kata Marvin,error: Field 'this' not found,Maestria;
ateacyi1,fG285*?EcG,Arvin Teacy,error: Field 'this' not found,Maestria;
"ghedneyi2,""eQ2935K,)Lcb&D"",Gerrie Hedney,error: Field 'this' not found,Doctorado";
mrenshawi3,dT466BWhHe@~~,Malinda Renshaw,error: Field 'this' not found,Doctorado;
bshapiroi4,cS356EW#M'eL4,Babbette Shapiro,error: Field 'this' not found,Doctorado;
nhorsleyi5,bZ298G)1|,Nessi Horsley,error: Field 'this' not found,Maestria;
amacneishi6,zF558t\mdqXK*.,Amory MacNeish,error: Field 'this' not found,Bachiller;
gvignei7,oZ508e8W,Gustavo Vigne,error: Field 'this' not found,Bachiller;
adunstonei8,qM385I/*s,Adlai Dunstone,error: Field 'this' not found,Bachiller;
bbrunkei9,aI766jCDRm?I5R$,Bess Brunke,error: Field 'this' not found,Maestria;
lmiklemia,sG150Q'GY((Tvs.{,Lloyd Miklem,error: Field 'this' not found,Pregrado;
dcuerdallib,tS076$Pc!w,Diena Cuerdall,error: Field 'this' not found,Maestria;
amcgilbonic,sB749_Bt+501n|,Ashley McGilbon,error: Field 'this' not found,Maestria;
bcereceresid,wD907jL4V%NWq,Barbi Cereceres,error: Field 'this' not found,Pregrado;
fmitchesonie,dE419Q7O,Faythe Mitcheson,error: Field 'this' not found,Pregrado;
mnevinif,fY897.`YBsqLS,Marcelia Nevin,error: Field 'this' not found,Bachiller;
agoaleyig,iO883g0_u.Ra,Abba Goaley,error: Field 'this' not found,Maestria;
etideyih,vO805lC6vc>.BERF,Elwira Tidey,error: Field 'this' not found,Maestria;
rcahaniii,qC407GaqMI'$cVl,Robin Cahani,error: Field 'this' not found,Maestria;
"llarcherij,""bT594,{GQl,a'C"",Lazare L'Archer,error: Field 'this' not found,Maestria";
dmoyersik,qY615IR?'6,Debbie Moyers,error: Field 'this' not found,Doctorado;
rlesoril,qK927{j!t1R,Reggy Lesor,error: Field 'this' not found,Doctorado;
lmccloshim,aE738RBh90j%)8O,Liliane McClosh,error: Field 'this' not found,Especializazcion;
ktarzeyin,lS723V<V|rPIE\,Katya Tarzey,error: Field 'this' not found,Pregrado;
msprosonio,dP056p`Tv,Mason Sproson,error: Field 'this' not found,Doctorado;
woakmanip,uT563(r9n'kU,Wilton Oakman,error: Field 'this' not found,Bachiller;
ckleinplatziq,cK761p/1(,Care Kleinplatz,error: Field 'this' not found,Pregrado;
dmacgloryir,tA000gGn@BKxkF,Dalia MacGlory,error: Field 'this' not found,Maestria;
ndaviddeis,nB883cZXM\#,Niel Davidde,error: Field 'this' not found,Maestria;
schristeneit,xD265W@t@!TgT#m,Sephira Christene,error: Field 'this' not found,Doctorado;
cbencheriu,lQ113\No#X\0F0cB,Creigh Bencher,error: Field 'this' not found,Doctorado;
ncoltartiv,uP888I#p%m(`=,Nickolas Coltart,error: Field 'this' not found,Pregrado;
lkilgannoniw,jT118SEJk7bB,Lind Kilgannon,error: Field 'this' not found,Doctorado;
rmilneix,yM394(~PCZUMiz3,Rosita Milne,error: Field 'this' not found,Especializazcion;
ncoslittiy,cG698*(%Y,Nikoletta Coslitt,error: Field 'this' not found,Bachiller;
cdykasiz,iM763s!pEN_y,Cordey Dykas,error: Field 'this' not found,Pregrado;
gduberyj0,mZ821Wz3,Grant Dubery,error: Field 'this' not found,Doctorado;
pmonganj1,qJ916NJ5b9,Pia Mongan,error: Field 'this' not found,Maestria;
sdunkerleyj2,oN539OGm1%*c%&\Y,Saunder Dunkerley,error: Field 'this' not found,Maestria;
golphertj3,mV140t\wW$ibH,Gordie Olphert,error: Field 'this' not found,Doctorado;
eiddinsj4,eI188tLEjd,Eldon Iddins,error: Field 'this' not found,Bachiller;
"gdelgadoj5,""oH437#{,E1"",Gussy Delgado,error: Field 'this' not found,Pregrado";
nmarkingj6,tL725Mel?jE,Nell Marking,error: Field 'this' not found,Bachiller;
jgantj7,uF146k%nwz*qg<\,Jaye Gant,error: Field 'this' not found,Bachiller;
mcochernj8,rH037qXZ3&\4j,Marve Cochern,error: Field 'this' not found,Especializazcion;
"jmorfeyj9,""eB281>,sCeA*"",Jaime Morfey,error: Field 'this' not found,Bachiller";
nwellsja,iG712#`s|n2i6#R,Nikolaus Wells,error: Field 'this' not found,Maestria;
pbunneyjb,xK7380Yx&NaF,Paulina Bunney,error: Field 'this' not found,Doctorado;
hillistonjc,rT885.Eo1.2Mv,Hobey Illiston,error: Field 'this' not found,Bachiller;
"iedneyjd,""eK008r,E,~r"",Ibrahim Edney,error: Field 'this' not found,Doctorado";
dtunderje,yY833n9kIH,Damien Tunder,error: Field 'this' not found,Maestria;
lwetterjf,oQ237{!J`BT,Logan Wetter,error: Field 'this' not found,Maestria;
dpavettjg,yF284RlBR83w,Dorothea Pavett,error: Field 'this' not found,Maestria;
sleitchejh,rW338y9a,Siobhan Leitche,error: Field 'this' not found,Doctorado;
rbatherji,fS278n>LJ!H,Roslyn Bather,error: Field 'this' not found,Bachiller;
mfaheyjj,yG372AD|?',Milena Fahey,error: Field 'this' not found,Especializazcion;
"bgrimmerjk,""kT875>,R\,/Ci"",Barclay Grimmer,error: Field 'this' not found,Pregrado";
dpentinjl,nE100w\mOLPr|`,Daphene Pentin,error: Field 'this' not found,Doctorado;
gmonahanjm,gT860>(jH,Gerick Monahan,error: Field 'this' not found,Bachiller;
zniesingjn,nQ336j+?`+N6uI%,Zollie Niesing,error: Field 'this' not found,Bachiller;
tspringjo,hY171IDsp+Cd}?U,Thorn Spring,error: Field 'this' not found,Doctorado;
abourgeoisjp,tT273|dbLiI!pQZF,Arley Bourgeois,error: Field 'this' not found,Pregrado;
sjouanetjq,rW429I&a5wC|bl,Shelton Jouanet,error: Field 'this' not found,Maestria;
chekkertjr,lB216A!cV1|(b<R,Chuck Hekkert,error: Field 'this' not found,Especializazcion;
fcarnelleyjs,fO2760`%o(SNu,Fianna Carnelley,error: Field 'this' not found,Especializazcion;
odanheljt,yS885zHmwjMS|$$,Olly Danhel,error: Field 'this' not found,Bachiller;
geusdenju,wA993JnFSIr,Garrik Eusden,error: Field 'this' not found,Doctorado;
jschroderjv,sQ6181p6%u6,Jeffie Schroder,error: Field 'this' not found,Bachiller;
ypepysjw,zT022baC0qqV`q96,Yvor Pepys,error: Field 'this' not found,Doctorado;
dvanjx,sB598~'Om,Davidson Van Hove,error: Field 'this' not found,Bachiller;
"krobensjy,""gL615&/O=R"""".|&L"",Kellsie Robens,error: Field 'this' not found,Especializazcion";
"eboylinjz,""sQ057V}SB.`+|)"""""",Emile Boylin,error: Field 'this' not found,Bachiller";
evedekhink0,iZ634ZY}po2)=,Eberhard Vedekhin,error: Field 'this' not found,Especializazcion;
mlegonk1,vU4047cOEkl,Meggie Legon,error: Field 'this' not found,Pregrado;
fkellowayk2,xS583Ak~NIYj,Florida Kelloway,error: Field 'this' not found,Doctorado;
hlerouxk3,mM5924Itvf,Hildagarde Leroux,error: Field 'this' not found,Pregrado;
dcregeenk4,pV175@d1WHTI,Danielle Cregeen,error: Field 'this' not found,Bachiller;
sbeaverk5,lV905`~xg.u|&6|1,Sauncho Beaver,error: Field 'this' not found,Especializazcion;
ngasquoinek6,fL117quWG,Nana Gasquoine,error: Field 'this' not found,Maestria;
afrankek7,mS5655<s_SCzca,Arin Franke,error: Field 'this' not found,Maestria;
avank8,fZ664kPvm)o>(,Anjanette Van Dale,error: Field 'this' not found,Doctorado;
cadamidesk9,aN911YmcS#%k,Cortney Adamides,error: Field 'this' not found,Doctorado;
hyeardsleyka,vG5890YwR`@*mU3R,Heath Yeardsley,error: Field 'this' not found,Especializazcion;
iroffkb,vC713D#4'8,Inesita Roff,error: Field 'this' not found,Doctorado;
elibbiekc,uO251Xw%,Emmeline Libbie,error: Field 'this' not found,Maestria;
sthomsenkd,lV619k#aR5DJ>iRL,Siffre Thomsen,error: Field 'this' not found,Doctorado;
flowethke,cO087p=G,Fania Loweth,error: Field 'this' not found,Especializazcion;
"celwelkf,""kL591z&"""""",Cesaro Elwel,error: Field 'this' not found,Doctorado";
lbortonkg,uA223XzSz1g*S,Lizette Borton,error: Field 'this' not found,Doctorado;
amustardekh,cB935BJZoU$obekR,Angelle Mustarde,error: Field 'this' not found,Doctorado;
abovairdki,cP729UQ?V$/Jr,Andi Bovaird,error: Field 'this' not found,Bachiller;
hlarnerkj,gB622Mr*le$Y,Haley Larner,error: Field 'this' not found,Pregrado;
wingamellskk,xQ513a83x2,Wilfrid Ingamells,error: Field 'this' not found,Doctorado;
vgehrickekl,rO2457tgmmQh5%lM,Vernon Gehricke,error: Field 'this' not found,Maestria;
mwychardkm,uO886MJiKpAJ,Maude Wychard,error: Field 'this' not found,Maestria;
"roakekn,""rP729),%y*9BI!uu"",Romy Oake,error: Field 'this' not found,Maestria";
lsandellsko,dY594@Ql*_rV=0\,Lolly Sandells,error: Field 'this' not found,Maestria;
srothschildkp,fU383'wf#,Selestina Rothschild,error: Field 'this' not found,Doctorado;
ebeadlekq,lW590SjO6,Emalia Beadle,error: Field 'this' not found,Doctorado;
kbennetonkr,sU679>C%F8X/,Koenraad Benneton,error: Field 'this' not found,Pregrado;
ybartaloniks,aG788/ikFM#emy,Yehudit Bartaloni,error: Field 'this' not found,Bachiller;
rsmallwoodkt,oO264Sd0@FKB,Rubie Smallwood,error: Field 'this' not found,Bachiller;
cmcpikeku,rE822Blk1aq3vdX{,Cassandra McPike,error: Field 'this' not found,Doctorado;
ahadyekv,jQ6997XA?4,Ambur Hadye,error: Field 'this' not found,Maestria;
"mjeskinkw,""kZ929,bx)%djOVXp"",Mildrid Jeskin,error: Field 'this' not found,Bachiller";
lhennerkx,rJ6704ZzegTUo,Lina Henner,error: Field 'this' not found,Doctorado;
sbwyky,tR3482Q9{16a*Z=N,Sherline Bwy,error: Field 'this' not found,Especializazcion;
"ibraisbykz,""fJ224hs""""~u$"",Igor Braisby,error: Field 'this' not found,Especializazcion";
tpreistl0,zD715FQGr\vD,Tomlin Preist,error: Field 'this' not found,Doctorado;
"abebbelll1,""cR548C_,x6"",Alexandrina Bebbell,error: Field 'this' not found,Doctorado";
rjurgenl2,bY537dAv,Rosana Jurgen,error: Field 'this' not found,Doctorado;
dlundbeckl3,sW215/nSsjXt,Davidson Lundbeck,error: Field 'this' not found,Pregrado;
"fwoollcottl4,""yT2146M,jXs8}wi"",Free Woollcott,error: Field 'this' not found,Bachiller";
ezanrel5,qC956u{a`Kf`&e,Elsworth Zanre,error: Field 'this' not found,Especializazcion;
ppratorl6,gU799Y>(o{P/Pn,Pietro Prator,error: Field 'this' not found,Maestria;
dpeytonl7,pI613?||/E,Duffie Peyton,error: Field 'this' not found,Maestria;
wscinil8,oN600Sik}Am~lWC,Welby Scini,error: Field 'this' not found,Bachiller;
dgotobedl9,dC132)j2TB,Duffy Gotobed,error: Field 'this' not found,Doctorado;
pbaggalleyla,wH6635qwtR,Peggie Baggalley,error: Field 'this' not found,Doctorado;
jfruinlb,qQ6592)M#B,Jacklin Fruin,error: Field 'this' not found,Doctorado;
mmoarlc,jP602Tj9V,Marlyn Moar,error: Field 'this' not found,Pregrado;
esamsinld,iN6772UzMuNPn5@!,Esmaria Samsin,error: Field 'this' not found,Especializazcion;
bputsonle,jR3238/3WJ@,Bastian Putson,error: Field 'this' not found,Doctorado;
bsharvelllf,xK4563X|&RtV(@7',Barby Sharvell,error: Field 'this' not found,Especializazcion;
dbloodworthelg,iD636&Ihl{)jC,Demetre Bloodworthe,error: Field 'this' not found,Bachiller;
abuttelh,nM691tVkn0rAv(f,Abramo Butte,error: Field 'this' not found,Doctorado;
ukeeffeli,mT834pJ??=MQbS3,Urbanus Keeffe,error: Field 'this' not found,Bachiller;
cdowerslj,aB286*woe(F#$,Cory Dowers,error: Field 'this' not found,Maestria;
peubanklk,hJ484cNqE,Philippine Eubank,error: Field 'this' not found,Doctorado;
cbrassell,dV209Z2%i/,Clarinda Brasse,error: Field 'this' not found,Bachiller;
dbirkheadlm,qT520PykDSTT*73,Demetris Birkhead,error: Field 'this' not found,Bachiller;
ahainln,zA321MM_gn/Ze,Aland Hain,error: Field 'this' not found,Especializazcion;
scarrabottlo,tC1180Ae=,Siana Carrabott,error: Field 'this' not found,Especializazcion;
njillionslp,rI579)?/GMl+~G,Nicolina Jillions,error: Field 'this' not found,Bachiller;
eshellidaylq,hY732\Yt=,Elsey Shelliday,error: Field 'this' not found,Bachiller;
deberdtlr,tQ1824p)'zKU,Des Eberdt,error: Field 'this' not found,Doctorado;
hconisbeels,zY265\g7s7gQg,Hollie Conisbee,error: Field 'this' not found,Pregrado;
swebleylt,fH566uS_4z2,Selle Webley,error: Field 'this' not found,Doctorado;
"rwillcottlu,""oJ679X""""&"",Rabi Willcott,error: Field 'this' not found,Pregrado";
sgoodhewlv,oW8442*m&,Samuel Goodhew,error: Field 'this' not found,Especializazcion;
"falbrookelw,""wY647""""y'biQD"",Felipe Albrooke,error: Field 'this' not found,Doctorado";
tparzizeklx,aY916>x>L,Trevar Parzizek,error: Field 'this' not found,Especializazcion;
dstarkly,pD508~{Bn~e5.r>%,Dyann Stark,error: Field 'this' not found,Especializazcion;
eolz,xS530i*=Y,Engelbert O' Hogan,error: Field 'this' not found,Maestria;
mtolworthym0,yZ80616EHy)M',Maurie Tolworthy,error: Field 'this' not found,Doctorado;
hpatriam1,hL261KuvWfn,Halsey Patria,error: Field 'this' not found,Doctorado;
bcostinm2,cI9453n>>,Bruno Costin,error: Field 'this' not found,Maestria;
"ksnowdingm3,""mO346iG~QzO""""fR"",Kliment Snowding,error: Field 'this' not found,Doctorado";
lhoveem4,sB017InWg,Laryssa Hovee,error: Field 'this' not found,Pregrado;
"cgherardim5,""fF013P4gHx""""pW*{"",Cristy Gherardi,error: Field 'this' not found,Maestria";
arizzolom6,uR6981<(v,Agustin Rizzolo,error: Field 'this' not found,Especializazcion;
mkordovam7,yK444Vz`sOP6kCm0,Meghann Kordova,error: Field 'this' not found,Especializazcion;
ctitterrellm8,wE1472%i<_)Da}fV,Caron Titterrell,error: Field 'this' not found,Bachiller;
mantatm9,xB547x\Dl/g,Marina Antat,error: Field 'this' not found,Doctorado;
bnardima,qF183oq*swuVmR,Bari Nardi,error: Field 'this' not found,Doctorado;
bwelsbymb,jJ587Q?F5hI0dgr,Bruno Welsby,error: Field 'this' not found,Maestria;
bbarlesmc,cM652&h~7l*qq3?4,Burl Barles,error: Field 'this' not found,Doctorado;
nrisbiemd,nY5731lk}n@Qew,Nikolaus Risbie,error: Field 'this' not found,Pregrado;
jvandrillme,jX463uv4d,Joanne Vandrill,error: Field 'this' not found,Pregrado;
sphilippardmf,qA912izHe,Saxe Philippard,error: Field 'this' not found,Maestria;
esonnenscheinmg,yW988d><JG,Erich Sonnenschein,error: Field 'this' not found,Maestria;
msteademh,oU2354#R*j,Markos Steade,error: Field 'this' not found,Especializazcion;
skimmincemi,yL109>KA}zD/l$,Suzy Kimmince,error: Field 'this' not found,Bachiller;
rviscomj,aS449ptABPM%M,Raphael Visco,error: Field 'this' not found,Pregrado;
"hmatchesmk,""zE176j?X,#jMj$1"",Harli Matches,error: Field 'this' not found,Doctorado";
bwanellml,jG966YnLK?HC1(&,Bartram Wanell,error: Field 'this' not found,Especializazcion;
"lwycherleymm,""oZ593=T""""$wTb"",Layla Wycherley,error: Field 'this' not found,Maestria";
mguerrimn,yO689V*sv~LS,Mauricio Guerri,error: Field 'this' not found,Maestria;
sgrigorkinmo,oH630P4wCszY&,Shepard Grigorkin,error: Field 'this' not found,Maestria;
sbyermp,xK807|vw\&k,Stephi Byer,error: Field 'this' not found,Doctorado;
jbrandomq,kV744cd~)eyLCH,Jobyna Brando,error: Field 'this' not found,Bachiller;
blewintonmr,iV008f#a,Barbie Lewinton,error: Field 'this' not found,Especializazcion;
acarlowms,aN221nYax,Avram Carlow,error: Field 'this' not found,Bachiller;
oitzkovwitchmt,pL217_RAaM=PptX,Ode Itzkovwitch,error: Field 'this' not found,Doctorado;
bgriptonmu,mE570jy|C|gJ,Bruno Gripton,error: Field 'this' not found,Doctorado;
egamblesmv,mE9956$`)j#M$Q,Eolande Gambles,error: Field 'this' not found,Maestria;
cockendenmw,cC9497!EkeE4j,Curt Ockenden,error: Field 'this' not found,Doctorado;
kpitceathlymx,tV411}m#rRqBz,Killian Pitceathly,error: Field 'this' not found,Especializazcion;
cswainstonmy,sZ228xbI`)j6OB,Calv Swainston,error: Field 'this' not found,Pregrado;
lsybbemz,xQ918a%ixU}Q,Loria Sybbe,error: Field 'this' not found,Bachiller;
ascreetonn0,dQ672ZZF,Aileen Screeton,error: Field 'this' not found,Maestria;
aarnettn1,eQ727B'AEPp9Bt%,Arlen Arnett,error: Field 'this' not found,Doctorado;
bfluxn2,jP831wTJX97~H,Bonita Flux,error: Field 'this' not found,Maestria;
wpeckhamn3,kV159*62j_4DcQ,Wally Peckham,error: Field 'this' not found,Pregrado;
acannann4,zX439m{p|R,Ardath Cannan,error: Field 'this' not found,Doctorado;
rbullarn5,mE987ya9x,Rhona Bullar,error: Field 'this' not found,Doctorado;
"nkepen6,""xB9696""""'k"",Nessy Kepe,error: Field 'this' not found,Especializazcion";
lmebiusn7,xG551j&2d/2,Louisa Mebius,error: Field 'this' not found,Maestria;
kquantrilln8,xC710Zat|GN,Kelwin Quantrill,error: Field 'this' not found,Pregrado;
jormerodn9,nV44219E,Joeann Ormerod,error: Field 'this' not found,Maestria;
rshemwellna,wU758$?zW@zX,Randa Shemwell,error: Field 'this' not found,Pregrado;
brownnb,lY171L2~,Biddy Rown,error: Field 'this' not found,Doctorado;
hkubickinc,qS873}Wghk7jTqw,Hartley Kubicki,error: Field 'this' not found,Doctorado;
gkinzend,xP482m=vm%2A,Gerhardine Kinze,error: Field 'this' not found,Especializazcion;
tlivzeyne,eG395AjC0OQ9b7m0,Tawnya Livzey,error: Field 'this' not found,Pregrado;
"smakinnf,""jK684N1D""""F){8"",Sloane Makin,error: Field 'this' not found,Maestria";
dgoodhewng,uT060aTNx4c,Dody Goodhew,error: Field 'this' not found,Bachiller;
blivocknh,jK323}HgaH}h.},Bradford Livock,error: Field 'this' not found,Doctorado;
kbantockni,uK209)mhEj#!lpfy,Karoly Bantock,error: Field 'this' not found,Bachiller;
biddinsnj,tY116E`O}d,Brand Iddins,error: Field 'this' not found,Doctorado;
pstempenk,sW893CW9n).*xKi,Pet Stempe,error: Field 'this' not found,Pregrado;
kgarrettnl,nC389%}d8fLwRtw@,Keir Garrett,error: Field 'this' not found,Maestria;
mbrasenernm,nR623Ht%qi{,Mohammed Brasener,error: Field 'this' not found,Doctorado;
sdixceenn,bF832fZvnM6,Stan Dixcee,error: Field 'this' not found,Pregrado;
hvaughtenno,rT920Ac)}NS|.)o,Helge Vaughten,error: Field 'this' not found,Bachiller;
cquestednp,iU762wK17.vYs'.W,Chico Quested,error: Field 'this' not found,Bachiller;
ofitzhenrynq,vS427q|'vLa)Lpo,Oriana Fitzhenry,error: Field 'this' not found,Pregrado;
chenricnr,nF768&K<Jr,Cosimo Henric,error: Field 'this' not found,Bachiller;
lscoffinsns,nU33122J=N~ZQ,Land Scoffins,error: Field 'this' not found,Bachiller;
mconybearnt,mC438'rx+d~,Madlin Conybear,error: Field 'this' not found,Bachiller;
mmudienu,rQ118U_i5Sw,Marcile Mudie,error: Field 'this' not found,Maestria;
dbowellnv,tH025ZK?W1,Darrel Bowell,error: Field 'this' not found,Especializazcion;
gbilovskynw,kD959\7#{?a*Dsi,Geri Bilovsky,error: Field 'this' not found,Maestria;
gskipperbottomnx,tO269a*|p,Gladys Skipperbottom,error: Field 'this' not found,Pregrado;
efarquharsonny,aR679#Kfg`S,Ericha Farquharson,error: Field 'this' not found,Especializazcion;
kwilliamsonnz,hD0348<ckDB!6q,Kerwinn Williamson,error: Field 'this' not found,Doctorado;
rscurfieldo0,rN213uM+0ds~{,Roselia Scurfield,error: Field 'this' not found,Especializazcion;
sboylino1,dA900M&x$f=.,Sunny Boylin,error: Field 'this' not found,Especializazcion;
sgoundryo2,xZ8965\d,Steward Goundry,error: Field 'this' not found,Maestria;
dseatono3,rQ468OvnB#b8R,Daryl Seaton,error: Field 'this' not found,Maestria;
aoliverpaullo4,aD929@zRhC,Aviva Oliver-Paull,error: Field 'this' not found,Pregrado;
rcrittalo5,rF689ec<,Raychel Crittal,error: Field 'this' not found,Maestria;
cscarborougho6,lK933X.=9My~+BI7,Cordie Scarborough,error: Field 'this' not found,Bachiller;
"lsiemantelo7,""nF47493&,"",Letizia Siemantel,error: Field 'this' not found,Doctorado";
abriddocko8,jE901<47??y6Kh,Angelle Briddock,error: Field 'this' not found,Maestria;
"idulakeo9,""bX4340q5_""""\F(@?8"",Idaline Dulake,error: Field 'this' not found,Bachiller";
atzaroa,pE090y/u`,Ashlie Tzar,error: Field 'this' not found,Especializazcion;
mnieassob,iW3374J|tCJ,Melisandra Nieass,error: Field 'this' not found,Pregrado;
dsouleyoc,sM338abo&b,Doralia Souley,error: Field 'this' not found,Pregrado;
"ccaghyod,""jW424K/x,lBs"",Crin Caghy,error: Field 'this' not found,Doctorado";
ejacquotoe,lG787.cW,Erina Jacquot,error: Field 'this' not found,Especializazcion;
blivzeyof,vW994vUEvwClwF&,Bale Livzey,error: Field 'this' not found,Especializazcion;
nwylesog,nX775Z3DcA#am,Nanci Wyles,error: Field 'this' not found,Bachiller;
gtunneyoh,aK613iDU}r,Glyn Tunney,error: Field 'this' not found,Maestria;
aandreixoi,uX729=YmU8J2,Allix Andreix,error: Field 'this' not found,Doctorado;
"bfaderoj,""tH627jKH'"""",3b"",Brand Fader,error: Field 'this' not found,Especializazcion";
lstarmontok,hI287a'=M8C=iR(,Lazarus Starmont,error: Field 'this' not found,Doctorado;
kransonol,lJ128G&r,Karel Ranson,error: Field 'this' not found,Pregrado;
ochallenorom,vN124n9i9iOG(gm,Ofilia Challenor,error: Field 'this' not found,Pregrado;
"bcorrinon,""rA332C/,`"",Brendis Corrin,error: Field 'this' not found,Pregrado";
dbuzinoo,tD689/cN(W$#_,Dreddy Buzin,error: Field 'this' not found,Doctorado;
"hchristopheop,""hL939X16gam7+""""<"",Hogan Christophe,error: Field 'this' not found,Pregrado";
tassanteoq,xQ4975?>9xiS|1BD,Teodor Assante,error: Field 'this' not found,Doctorado;
atottemor,gF318{di,Augie Tottem,error: Field 'this' not found,Pregrado;
bdiklesos,iK107Dv1%`r?K0,Brianne Dikles,error: Field 'this' not found,Doctorado;
cjessot,lB772Staq{SXp,Claudius Jess,error: Field 'this' not found,Maestria;
ykivellou,gK345D@Vf8<K%g~,Yorgo Kivell,error: Field 'this' not found,Doctorado;
gyitzoviczov,vN548TSlN5E,Giana Yitzovicz,error: Field 'this' not found,Pregrado;
cbouetteow,zE615D4ruTFc/O,Curtice Bouette,error: Field 'this' not found,Bachiller;
sianinottiox,cD751CWr+,Shirlene Ianinotti,error: Field 'this' not found,Bachiller;
hhanselloy,rV4648qko.,Heddi Hansell,error: Field 'this' not found,Bachiller;
"nstockhilloz,""hE853GmRl""""dm*"",Nettle Stockhill,error: Field 'this' not found,Especializazcion";
aseedhousep0,zU406I62s5z,Alexei Seedhouse,error: Field 'this' not found,Doctorado;
dborgbartolop1,kU7469O8.9wMw?k,Dolly Borg-Bartolo,error: Field 'this' not found,Doctorado;
arainerp2,zS879s>TW~GP0,Arturo Rainer,error: Field 'this' not found,Maestria;
ktuffp3,zC891')VA`It&,Koenraad Tuff,error: Field 'this' not found,Pregrado;
hjoskowiczp4,cW814!q0UlOt,Haven Joskowicz,error: Field 'this' not found,Pregrado;
ybeetonp5,eY913U64hM#!,Yuma Beeton,error: Field 'this' not found,Pregrado;
bburtwhistlep6,rC258pNB`S,Boniface Burtwhistle,error: Field 'this' not found,Bachiller;
"csuattp7,""kD699OG&\MTz,q2"",Clarisse Suatt,error: Field 'this' not found,Maestria";
rgorlingp8,eQ867E'Ida9Siw,Randene Gorling,error: Field 'this' not found,Pregrado;
mveelerp9,qD086svKz$u.=U&,Murry Veeler,error: Field 'this' not found,Pregrado;
abroadberriepa,pQ780DVVNK305NG>,Alvan Broadberrie,error: Field 'this' not found,Maestria;
"dmaccaddiepb,""kE945U}pp,%%GA"",Deb Maccaddie,error: Field 'this' not found,Especializazcion";
aclifforthpc,vL851#{f@w5Qi7,Ancell Clifforth,error: Field 'this' not found,Bachiller;
gshorthillpd,aJ569ut?Pa4etvN,Garrett Shorthill,error: Field 'this' not found,Pregrado;
tbeaulieupe,iK856#@W&nD,Thorstein Beaulieu,error: Field 'this' not found,Bachiller;
wbeefonpf,tG796I%YJmV,Willard Beefon,error: Field 'this' not found,Pregrado;
gbezzantpg,sA7928<}=2,Gigi Bezzant,error: Field 'this' not found,Doctorado;
"bnaismithph,""fP516Ex9?rh5!>k"""""",Bertie Naismith,error: Field 'this' not found,Especializazcion";
hdegoeypi,nX646V$2NG42Y!4,Hewe Degoey,error: Field 'this' not found,Bachiller;
qsidlepj,fD556dAcogEiv,Quent Sidle,error: Field 'this' not found,Bachiller;
epaviourpk,wL82193=qpIe,Eugenius Paviour,error: Field 'this' not found,Especializazcion;
"vwelberrypl,""yW974""""`lI~"",Venita Welberry,error: Field 'this' not found,Maestria";
ltantrumpm,nP360XYNB=LY,Liliane Tantrum,error: Field 'this' not found,Bachiller;
aheaterpn,iR681W!a,Aubry Heater,error: Field 'this' not found,Especializazcion;
tdavenportpo,qS855L4jrAIt,Tabb Davenport,error: Field 'this' not found,Doctorado;
ptimewellpp,wJ412htI}Y(,Phip Timewell,error: Field 'this' not found,Bachiller;
gsutehallpq,wZ062@n)u5_DB`,Gaby Sutehall,error: Field 'this' not found,Bachiller;
"lgummpr,""yE475""""uib"",Lisbeth Gumm,error: Field 'this' not found,Especializazcion";
traeburnps,eN667~4S/,Teodor Raeburn,error: Field 'this' not found,Pregrado;
gjeromept,iS563\Pv,Gun Jerome,error: Field 'this' not found,Pregrado;
"apinnegarpu,""uT813{~j,"",Aldon Pinnegar,error: Field 'this' not found,Bachiller";
rmogenotpv,tX975w&3,Roseline Mogenot,error: Field 'this' not found,Doctorado;
lkersspw,cD345`4v_A,Lynn Kerss,error: Field 'this' not found,Doctorado;
dokuddyhypx,vR270s6o3!,Donnamarie O'Kuddyhy,error: Field 'this' not found,Pregrado;
etruckettpy,hG188qI5{g!zDy%,Eloisa Truckett,error: Field 'this' not found,Bachiller;
jwarburtonpz,zK138WWZE$,Joyann Warburton,error: Field 'this' not found,Bachiller;
pyeldingq0,iR177.3P\$,Philippe Yelding,error: Field 'this' not found,Doctorado;
dpuzeyq1,yN07757Io5T@C}pe,Dorolisa Puzey,error: Field 'this' not found,Maestria;
bpawlingq2,jO938q2ofa$=,Babbie Pawling,error: Field 'this' not found,Maestria;
ikerraneq3,yZ998|Koeg_}C,Ian Kerrane,error: Field 'this' not found,Doctorado;
cdeq4,tR255Pda>qAgx=5,Coop De Paepe,error: Field 'this' not found,Especializazcion;
slyfeq5,tR415U%E,Sanders Lyfe,error: Field 'this' not found,Especializazcion;
hbartulq6,pT5878/u,Hatti Bartul,error: Field 'this' not found,Pregrado;
sskipq7,tP853(mM0ZF,Sayre Skip,error: Field 'this' not found,Maestria;
fprynq8,hR889`>K3girYp,Fleurette Pryn,error: Field 'this' not found,Especializazcion;
bbeaneyq9,fC736F}NWHB.O>@,Britte Beaney,error: Field 'this' not found,Especializazcion;
tbreckonqa,dM837IR8D,Tann Breckon,error: Field 'this' not found,Bachiller;
tschoularqb,vV460urZ,Tom Schoular,error: Field 'this' not found,Bachiller;
dlangridgeqc,sI150#iS80+FV.7K,Debi Langridge,error: Field 'this' not found,Bachiller;
vboateqd,uM948>ij|a,Viva Boate,error: Field 'this' not found,Maestria;
sriachqe,uY582aTzIguA>N},Sky Riach,error: Field 'this' not found,Bachiller;
mpettingillqf,sV592YrDi#gws/,Monica Pettingill,error: Field 'this' not found,Pregrado;
vapperleyqg,iJ744#6\tcWMsz`Y,Valma Apperley,error: Field 'this' not found,Doctorado;
"dlillecropqh,""qV337i""""i@8j""""ym*("",Denise Lillecrop,error: Field 'this' not found,Especializazcion";
rliquorishqi,fW8571W2TgbKf??@,Raven Liquorish,error: Field 'this' not found,Bachiller;
"nlemmertzqj,""lB562tmf*fI,{V"",Neil Lemmertz,error: Field 'this' not found,Bachiller";
gardernqk,zK551cL=0},Gabriel Ardern,error: Field 'this' not found,Doctorado;
adragonql,tP406gw2{,Alvin Dragon,error: Field 'this' not found,Bachiller;
"czoaneqm,""wY734hF/Jc""""#"",Chelsie Zoane,error: Field 'this' not found,Doctorado";
vfridqn,lM142MlW9aE=!!wD,Vonni Frid,error: Field 'this' not found,Bachiller;
bchiplinqo,kI106EP{p,Brittney Chiplin,error: Field 'this' not found,Pregrado;
bwilcockeqp,xV9542t>4_Kz,Brit Wilcocke,error: Field 'this' not found,Especializazcion;
upanasqq,aB3492M~,Urban Panas,error: Field 'this' not found,Doctorado;
wmeltonqr,fQ848ncKJ,Wes Melton,error: Field 'this' not found,Pregrado;
kdeqs,kD790y{<fn}42=H,Kellie De Laci,error: Field 'this' not found,Bachiller;
hscurryqt,hQ937r~{MHlh,Harper Scurry,error: Field 'this' not found,Doctorado;
"rschimekqu,""pA838,1&"",Rachel Schimek,error: Field 'this' not found,Maestria";
cfarrawayqv,wZ623R4XsR9J,Caty Farraway,error: Field 'this' not found,Especializazcion;
maylwinqw,rH524S#.Iwj,Milicent Aylwin,error: Field 'this' not found,Bachiller;
"nsearjeantqx,""dX567Ix@=zvwou,"",Neda Searjeant,error: Field 'this' not found,Bachiller";
"wbathaqy,""wQ862B""""ME'7u5p"",Web Batha,error: Field 'this' not found,Pregrado";
rcircuittqz,gF7956&e4gry,Rosalinda Circuitt,error: Field 'this' not found,Pregrado;
cbonefantr0,nM292YKA,Clea Bonefant,error: Field 'this' not found,Especializazcion;
rkerner1,dM749)bA,Rodie Kerne,error: Field 'this' not found,Maestria;
pranyr2,iV1257Fd5i0w+5Y,Phillida Rany,error: Field 'this' not found,Bachiller;
apayleyr3,hW605`WXjou,Audrye Payley,error: Field 'this' not found,Especializazcion;
hdranfieldr4,tS326Z!AMr(),Hodge Dranfield,error: Field 'this' not found,Bachiller;
grubbertr5,xR124f&{`,Gustie Rubbert,error: Field 'this' not found,Pregrado;
pnellenr6,dI085!GRmC,Padgett Nellen,error: Field 'this' not found,Doctorado;
"aoboyler7,""gP031,opBMe0P6"",Ambrosius O'Boyle,error: Field 'this' not found,Maestria";
ggoreyr8,xL958(?jh,Gavrielle Gorey,error: Field 'this' not found,Bachiller;
astowellr9,gL269a_AzTJ&L,Asher Stowell,error: Field 'this' not found,Doctorado;
cshilstonera,kQ133R?>,Callida Shilstone,error: Field 'this' not found,Pregrado;
ljolleyrb,nK720jt\_,Leontine Jolley,error: Field 'this' not found,Bachiller;
wlaxtonrc,tD871fNI,Winston Laxton,error: Field 'this' not found,Pregrado;
rheadsrd,oN575x{`,Robbyn Heads,error: Field 'this' not found,Especializazcion;
pbaldaccore,pS616oP8.B,Parrnell Baldacco,error: Field 'this' not found,Especializazcion;
kbernardorf,dE253dObfa,Kahaleel Bernardo,error: Field 'this' not found,Especializazcion;
imauldenrg,oY945${cd{(,Ignatius Maulden,error: Field 'this' not found,Pregrado;
bconsadinerh,aX674WMU$=,Bella Consadine,error: Field 'this' not found,Bachiller;
vendenri,fC61752Y}_yB#X,Vivie Enden,error: Field 'this' not found,Bachiller;
jstansburyrj,kV454Oi7Tf,Jennette Stansbury,error: Field 'this' not found,Especializazcion;
kcheccirk,rU128h7D18r,Kristine Checci,error: Field 'this' not found,Bachiller;
fduggenrl,kR412u/(5V(,Frederic Duggen,error: Field 'this' not found,Bachiller;
mperlrm,vR222I#GXaX,Marwin Perl,error: Field 'this' not found,Doctorado;
lmycockrn,nL740fJL,Lacee Mycock,error: Field 'this' not found,Doctorado;
bbiggsro,nI122lMXRvdzr9,Brandise Biggs,error: Field 'this' not found,Maestria;
mricsonrp,vF355`\K'm6Z,Michal Ricson,error: Field 'this' not found,Pregrado;
rgatteridgerq,vO201ZvWoyHnP!_,Rosella Gatteridge,error: Field 'this' not found,Pregrado;
bidalerr,fH831/PG,Billie Idale,error: Field 'this' not found,Bachiller;
